-- Catálogo de Regiones
INSERT INTO C_REGION (ID_REGION, ID_TERRITORY, DS_NAME, DT_LAST_MODIFICATION, ID_LAST_USER_MODIFIER, FG_ACTIVE) VALUES (-1, 1, 'Indefinida', '2014-08-07 12:37:47', 8, '0');
INSERT INTO C_REGION (ID_REGION, ID_TERRITORY, DS_NAME, DT_LAST_MODIFICATION, ID_LAST_USER_MODIFIER, FG_ACTIVE) VALUES (1, 1, 'Centro', '2018-01-16 10:29:06', 325, '1');
INSERT INTO C_REGION (ID_REGION, ID_TERRITORY, DS_NAME, DT_LAST_MODIFICATION, ID_LAST_USER_MODIFIER, FG_ACTIVE) VALUES (2, 1, 'DF y AM', '2017-09-12 14:28:09', 331, '1');
INSERT INTO C_REGION (ID_REGION, ID_TERRITORY, DS_NAME, DT_LAST_MODIFICATION, ID_LAST_USER_MODIFIER, FG_ACTIVE) VALUES (3, 1, 'Norte', '2017-09-12 15:40:46', 13, '1');
INSERT INTO C_REGION (ID_REGION, ID_TERRITORY, DS_NAME, DT_LAST_MODIFICATION, ID_LAST_USER_MODIFIER, FG_ACTIVE) VALUES (4, 1, 'Pacífico', '2017-12-05 10:49:04', 324, '1');
INSERT INTO C_REGION (ID_REGION, ID_TERRITORY, DS_NAME, DT_LAST_MODIFICATION, ID_LAST_USER_MODIFIER, FG_ACTIVE) VALUES (5, 1, 'Sureste', '2018-01-16 09:36:27', 338, '1');
INSERT INTO C_REGION (ID_REGION, ID_TERRITORY, DS_NAME, DT_LAST_MODIFICATION, ID_LAST_USER_MODIFIER, FG_ACTIVE) VALUES (6, 1, 'Region Prueba', '2014-09-01 16:38:59', 2, '0');
INSERT INTO C_REGION (ID_REGION, ID_TERRITORY, DS_NAME, DT_LAST_MODIFICATION, ID_LAST_USER_MODIFIER, FG_ACTIVE) VALUES (7, 1, 'Envío de Programació', '2014-09-01 14:45:04', 11, '0');

-- Catálogo de Cines
INSERT INTO C_THEATER (ID_THEATER, ID_REGION, ID_CITY, DS_NAME, ID_STATE, ID_EMAIL, ID_VISTA, NU_THEATER, DS_TELEPHONE, DS_CC_EMAIL, FG_VIP, NU_RENTRAK, ID_THEATER_PARENT, NU_INFLUENCE, DT_LAST_MODIFICATION, ID_LAST_USER_MODIFIER, FG_ACTIVE) VALUES (1, 1, 69, 'Cinepolis Antea Queretaro', 22, 1, '560', 1020560, null, 'ptorresb@cinepolis.com; mgonzalezt@cinepolis.com', '0', 1032546, null, 1, '2018-01-16 10:39:02', 332, '1');
INSERT INTO C_THEATER (ID_THEATER, ID_REGION, ID_CITY, DS_NAME, ID_STATE, ID_EMAIL, ID_VISTA, NU_THEATER, DS_TELEPHONE, DS_CC_EMAIL, FG_VIP, NU_RENTRAK, ID_THEATER_PARENT, NU_INFLUENCE, DT_LAST_MODIFICATION, ID_LAST_USER_MODIFIER, FG_ACTIVE) VALUES (2, 1, 47, 'Cinepolis Centro Comercial Altacia', 12, 2, '527', 1020527, '14772523125', 'ptorresb@cinepolis.com; mgonzalezt@cinepolis.com', '0', 1030071, null, 1, '2018-01-16 11:30:44', 332, '1');
INSERT INTO C_THEATER (ID_THEATER, ID_REGION, ID_CITY, DS_NAME, ID_STATE, ID_EMAIL, ID_VISTA, NU_THEATER, DS_TELEPHONE, DS_CC_EMAIL, FG_VIP, NU_RENTRAK, ID_THEATER_PARENT, NU_INFLUENCE, DT_LAST_MODIFICATION, ID_LAST_USER_MODIFIER, FG_ACTIVE) VALUES (3, 1, 72, 'Cinepolis Centro Comercial Plaza Sahuayo', 16, 3, '566', 1020566, null, 'ptorresb@cinepolis.com; mgonzalezt@cinepolis.com', '0', 1010942, null, 1, '2018-01-16 11:30:32', 332, '1');
INSERT INTO C_THEATER (ID_THEATER, ID_REGION, ID_CITY, DS_NAME, ID_STATE, ID_EMAIL, ID_VISTA, NU_THEATER, DS_TELEPHONE, DS_CC_EMAIL, FG_VIP, NU_RENTRAK, ID_THEATER_PARENT, NU_INFLUENCE, DT_LAST_MODIFICATION, ID_LAST_USER_MODIFIER, FG_ACTIVE) VALUES (4, 1, 47, 'Cinepolis Centro Max', 12, 4, '168', 1020168, '014777716788/7716789/7719801', 'ptorresb@cinepolis.com; mgonzalezt@cinepolis.com', '0', 59652, null, 1, '2018-01-16 11:31:34', 332, '1');
INSERT INTO C_THEATER (ID_THEATER, ID_REGION, ID_CITY, DS_NAME, ID_STATE, ID_EMAIL, ID_VISTA, NU_THEATER, DS_TELEPHONE, DS_CC_EMAIL, FG_VIP, NU_RENTRAK, ID_THEATER_PARENT, NU_INFLUENCE, DT_LAST_MODIFICATION, ID_LAST_USER_MODIFIER, FG_ACTIVE) VALUES (5, 1, 69, 'Cinepolis Esfera Queretaro', 22, 5, '309', 1020309, '442-2164821/442-2156932/442-2157475', 'ptorresb@cinepolis.com; mgonzalezt@cinepolis.com', '0', 1031082, null, 1, '2018-01-16 11:32:34', 332, '1');
INSERT INTO C_THEATER (ID_THEATER, ID_REGION, ID_CITY, DS_NAME, ID_STATE, ID_EMAIL, ID_VISTA, NU_THEATER, DS_TELEPHONE, DS_CC_EMAIL, FG_VIP, NU_RENTRAK, ID_THEATER_PARENT, NU_INFLUENCE, DT_LAST_MODIFICATION, ID_LAST_USER_MODIFIER, FG_ACTIVE) VALUES (6, 1, 15, 'Cinepolis Galerias Celaya', 12, 6, '438', 1020438, '014611594525/1594427/1593893', 'ptorresb@cinepolis.com; mgonzalezt@cinepolis.com', '0', 1010349, null, 1, '2018-01-16 11:36:54', 332, '1');
INSERT INTO C_THEATER (ID_THEATER, ID_REGION, ID_CITY, DS_NAME, ID_STATE, ID_EMAIL, ID_VISTA, NU_THEATER, DS_TELEPHONE, DS_CC_EMAIL, FG_VIP, NU_RENTRAK, ID_THEATER_PARENT, NU_INFLUENCE, DT_LAST_MODIFICATION, ID_LAST_USER_MODIFIER, FG_ACTIVE) VALUES (7, 1, 45, 'Cinepolis Galerias del Rio de la Piedad', 16, 7, '404', 1020404, null, 'ptorresb@cinepolis.com; mgonzalezt@cinepolis.com', '0', 1010903, null, 1, '2018-01-16 11:37:40', 332, '1');
INSERT INTO C_THEATER (ID_THEATER, ID_REGION, ID_CITY, DS_NAME, ID_STATE, ID_EMAIL, ID_VISTA, NU_THEATER, DS_TELEPHONE, DS_CC_EMAIL, FG_VIP, NU_RENTRAK, ID_THEATER_PARENT, NU_INFLUENCE, DT_LAST_MODIFICATION, ID_LAST_USER_MODIFIER, FG_ACTIVE) VALUES (8, 1, 47, 'Cinepolis Galerias Las Torres', 12, 8, '303', 1020303, '014777766046/7766051/7766047', 'ptorresb@cinepolis.com; mgonzalezt@cinepolis.com', '0', 60151, null, 1, '2018-01-16 11:38:18', 332, '1');
INSERT INTO C_THEATER (ID_THEATER, ID_REGION, ID_CITY, DS_NAME, ID_STATE, ID_EMAIL, ID_VISTA, NU_THEATER, DS_TELEPHONE, DS_CC_EMAIL, FG_VIP, NU_RENTRAK, ID_THEATER_PARENT, NU_INFLUENCE, DT_LAST_MODIFICATION, ID_LAST_USER_MODIFIER, FG_ACTIVE) VALUES (9, 1, 94, 'Cinepolis Galerias Metropolitana', 12, 9, '334', 1020334, '014454532680/4532681/4532682', 'ptorresb@cinepolis.com; mgonzalezt@cinepolis.com', '0', 60171, null, 1, '2018-01-16 11:41:44', 332, '1');
INSERT INTO C_THEATER (ID_THEATER, ID_REGION, ID_CITY, DS_NAME, ID_STATE, ID_EMAIL, ID_VISTA, NU_THEATER, DS_TELEPHONE, DS_CC_EMAIL, FG_VIP, NU_RENTRAK, ID_THEATER_PARENT, NU_INFLUENCE, DT_LAST_MODIFICATION, ID_LAST_USER_MODIFIER, FG_ACTIVE) VALUES (10, 1, 73, 'Cinepolis Galerias Salamanca', 12, 10, '189', 1020189, '014646476654/6476664/6476900', 'ptorresb@cinepolis.com; mgonzalezt@cinepolis.com', '0', 59883, null, 2, '2018-01-16 11:42:36', 332, '1');
INSERT INTO C_THEATER (ID_THEATER, ID_REGION, ID_CITY, DS_NAME, ID_STATE, ID_EMAIL, ID_VISTA, NU_THEATER, DS_TELEPHONE, DS_CC_EMAIL, FG_VIP, NU_RENTRAK, ID_THEATER_PARENT, NU_INFLUENCE, DT_LAST_MODIFICATION, ID_LAST_USER_MODIFIER, FG_ACTIVE) VALUES (11, 1, 47, 'Cinepolis La Gran Plaza Leo', 12, 11, '277', 1020277, '014777177310/7177321/7177450', 'ptorresb@cinepolis.com; mgonzalezt@cinepolis.com', '0', 60137, null, 2, '2018-01-16 11:44:56', 332, '1');
INSERT INTO C_THEATER (ID_THEATER, ID_REGION, ID_CITY, DS_NAME, ID_STATE, ID_EMAIL, ID_VISTA, NU_THEATER, DS_TELEPHONE, DS_CC_EMAIL, FG_VIP, NU_RENTRAK, ID_THEATER_PARENT, NU_INFLUENCE, DT_LAST_MODIFICATION, ID_LAST_USER_MODIFIER, FG_ACTIVE) VALUES (12, 1, 59, 'Cinepolis La Huerta', 16, 12, '154', 1020154, '014333275148/3275147/3275149', 'ptorresb@cinepolis.com; mgonzalezt@cinepolis.com', '0', 59854, null, 2, '2018-01-16 11:45:15', 332, '1');
INSERT INTO C_THEATER (ID_THEATER, ID_REGION, ID_CITY, DS_NAME, ID_STATE, ID_EMAIL, ID_VISTA, NU_THEATER, DS_TELEPHONE, DS_CC_EMAIL, FG_VIP, NU_RENTRAK, ID_THEATER_PARENT, NU_INFLUENCE, DT_LAST_MODIFICATION, ID_LAST_USER_MODIFIER, FG_ACTIVE) VALUES (13, 1, 81, 'Cinepolis La Joya', 12, 13, '542', 1020542, '014727234448/7484283', 'ptorresb@cinepolis.com; mgonzalezt@cinepolis.com', '0', 1010360, null, 2, '2018-01-16 13:20:26', 332, '1');
INSERT INTO C_THEATER (ID_THEATER, ID_REGION, ID_CITY, DS_NAME, ID_STATE, ID_EMAIL, ID_VISTA, NU_THEATER, DS_TELEPHONE, DS_CC_EMAIL, FG_VIP, NU_RENTRAK, ID_THEATER_PARENT, NU_INFLUENCE, DT_LAST_MODIFICATION, ID_LAST_USER_MODIFIER, FG_ACTIVE) VALUES (14, 1, 15, 'Cinepolis Las Americas Celaya', 12, 14, '182', 1020182, '014611595079/6160808', 'ptorresb@cinepolis.com; mgonzalezt@cinepolis.com', '0', 59303, null, 2, '2018-01-16 13:21:42', 332, '1');
INSERT INTO C_THEATER (ID_THEATER, ID_REGION, ID_CITY, DS_NAME, ID_STATE, ID_EMAIL, ID_VISTA, NU_THEATER, DS_TELEPHONE, DS_CC_EMAIL, FG_VIP, NU_RENTRAK, ID_THEATER_PARENT, NU_INFLUENCE, DT_LAST_MODIFICATION, ID_LAST_USER_MODIFIER, FG_ACTIVE) VALUES (15, 1, 46, 'Cinepolis Las Americas Lazaro Cardenas', 16, 15, '469', 1020469, null, 'ptorresb@cinepolis.com; mgonzalezt@cinepolis.com', '0', 1006537, null, 2, '2018-01-16 13:35:27', 332, '1');
INSERT INTO C_THEATER (ID_THEATER, ID_REGION, ID_CITY, DS_NAME, ID_STATE, ID_EMAIL, ID_VISTA, NU_THEATER, DS_TELEPHONE, DS_CC_EMAIL, FG_VIP, NU_RENTRAK, ID_THEATER_PARENT, NU_INFLUENCE, DT_LAST_MODIFICATION, ID_LAST_USER_MODIFIER, FG_ACTIVE) VALUES (16, 1, 59, 'Cinepolis Las Americas Morelia', 16, 16, '305', 1020305, '014433240327/3241050/3240405', 'ptorresb@cinepolis.com; mgonzalezt@cinepolis.com', '0', 60148, null, 2, '2018-01-16 13:35:38', 332, '1');
INSERT INTO C_THEATER (ID_THEATER, ID_REGION, ID_CITY, DS_NAME, ID_STATE, ID_EMAIL, ID_VISTA, NU_THEATER, DS_TELEPHONE, DS_CC_EMAIL, FG_VIP, NU_RENTRAK, ID_THEATER_PARENT, NU_INFLUENCE, DT_LAST_MODIFICATION, ID_LAST_USER_MODIFIER, FG_ACTIVE) VALUES (17, 1, 47, 'Cinepolis Leo', 12, 17, '33', 1020033, '14777633084', 'ptorresb@cinepolis.com; mgonzalezt@cinepolis.com', '0', 0, null, 2, '2018-01-16 13:37:09', 332, '1');
INSERT INTO C_THEATER (ID_THEATER, ID_REGION, ID_CITY, DS_NAME, ID_STATE, ID_EMAIL, ID_VISTA, NU_THEATER, DS_TELEPHONE, DS_CC_EMAIL, FG_VIP, NU_RENTRAK, ID_THEATER_PARENT, NU_INFLUENCE, DT_LAST_MODIFICATION, ID_LAST_USER_MODIFIER, FG_ACTIVE) VALUES (18, 1, 59, 'Cinepolis Morelia Centro', 16, 18, '208', 1020208, '014433121288/3125969', 'ptorresb@cinepolis.com; mgonzalezt@cinepolis.com', '0', 59100, null, 2, '2018-01-16 13:36:01', 332, '1');
INSERT INTO C_THEATER (ID_THEATER, ID_REGION, ID_CITY, DS_NAME, ID_STATE, ID_EMAIL, ID_VISTA, NU_THEATER, DS_TELEPHONE, DS_CC_EMAIL, FG_VIP, NU_RENTRAK, ID_THEATER_PARENT, NU_INFLUENCE, DT_LAST_MODIFICATION, ID_LAST_USER_MODIFIER, FG_ACTIVE) VALUES (19, 1, 15, 'Cinepolis Parque Celaya', 12, 19, '284', 1020284, '014611576381/1576472/1576406', 'ptorresb@cinepolis.com; mgonzalezt@cinepolis.com', '0', 60109, null, 2, '2018-01-16 13:21:51', 332, '1');
INSERT INTO C_THEATER (ID_THEATER, ID_REGION, ID_CITY, DS_NAME, ID_STATE, ID_EMAIL, ID_VISTA, NU_THEATER, DS_TELEPHONE, DS_CC_EMAIL, FG_VIP, NU_RENTRAK, ID_THEATER_PARENT, NU_INFLUENCE, DT_LAST_MODIFICATION, ID_LAST_USER_MODIFIER, FG_ACTIVE) VALUES (20, 1, 78, 'Cinepolis Paseo del Rio', 22, 20, '444', 1020444, '014272749239/2713304/2749268', 'ptorresb@cinepolis.com; mgonzalezt@cinepolis.com', '0', 1007240, null, 2, '2018-01-16 13:37:40', 332, '1');
INSERT INTO C_THEATER (ID_THEATER, ID_REGION, ID_CITY, DS_NAME, ID_STATE, ID_EMAIL, ID_VISTA, NU_THEATER, DS_TELEPHONE, DS_CC_EMAIL, FG_VIP, NU_RENTRAK, ID_THEATER_PARENT, NU_INFLUENCE, DT_LAST_MODIFICATION, ID_LAST_USER_MODIFIER, FG_ACTIVE) VALUES (21, 1, 76, 'Cinepolis Paseo San Francisco', 12, 21, '464', 1020464, '14772523125', 'ptorresb@cinepolis.com; mgonzalezt@cinepolis.com', '0', 1032106, null, 2, '2018-01-16 13:38:02', 332, '1');
INSERT INTO C_THEATER (ID_THEATER, ID_REGION, ID_CITY, DS_NAME, ID_STATE, ID_EMAIL, ID_VISTA, NU_THEATER, DS_TELEPHONE, DS_CC_EMAIL, FG_VIP, NU_RENTRAK, ID_THEATER_PARENT, NU_INFLUENCE, DT_LAST_MODIFICATION, ID_LAST_USER_MODIFIER, FG_ACTIVE) VALUES (22, 1, 100, 'Cinepolis Plaza Ana', 16, 22, '296', 1020296, '013515152316/5125133/5124031', 'ptorresb@cinepolis.com; mgonzalezt@cinepolis.com', '0', 60159, null, 2, '2018-01-16 13:39:48', 332, '1');
INSERT INTO C_THEATER (ID_THEATER, ID_REGION, ID_CITY, DS_NAME, ID_STATE, ID_EMAIL, ID_VISTA, NU_THEATER, DS_TELEPHONE, DS_CC_EMAIL, FG_VIP, NU_RENTRAK, ID_THEATER_PARENT, NU_INFLUENCE, DT_LAST_MODIFICATION, ID_LAST_USER_MODIFIER, FG_ACTIVE) VALUES (23, 1, 41, 'Cinepolis Plaza Cibeles', 12, 23, '201', 1020201, '014626603707/6603708/6603709', 'ptorresb@cinepolis.com; mgonzalezt@cinepolis.com', '0', 59933, null, 2, '2018-01-16 13:40:19', 332, '1');
INSERT INTO C_THEATER (ID_THEATER, ID_REGION, ID_CITY, DS_NAME, ID_STATE, ID_EMAIL, ID_VISTA, NU_THEATER, DS_TELEPHONE, DS_CC_EMAIL, FG_VIP, NU_RENTRAK, ID_THEATER_PARENT, NU_INFLUENCE, DT_LAST_MODIFICATION, ID_LAST_USER_MODIFIER, FG_ACTIVE) VALUES (24, 5, 3, 'Cinepolis Plaza Comercial Apizaco', 29, 24, '565', 1020565, null, null, '0', 1033006, null, 2, '2017-12-05 11:10:37', 332, '1');
INSERT INTO C_THEATER (ID_THEATER, ID_REGION, ID_CITY, DS_NAME, ID_STATE, ID_EMAIL, ID_VISTA, NU_THEATER, DS_TELEPHONE, DS_CC_EMAIL, FG_VIP, NU_RENTRAK, ID_THEATER_PARENT, NU_INFLUENCE, DT_LAST_MODIFICATION, ID_LAST_USER_MODIFIER, FG_ACTIVE) VALUES (25, 1, 69, 'Cinepolis Plaza del Parque', 22, 25, '80', 1020080, '012206559/012209444', 'ptorresb@cinepolis.com; mgonzalezt@cinepolis.com', '0', 0, null, 2, '2018-01-16 13:40:37', 332, '1');
INSERT INTO C_THEATER (ID_THEATER, ID_REGION, ID_CITY, DS_NAME, ID_STATE, ID_EMAIL, ID_VISTA, NU_THEATER, DS_TELEPHONE, DS_CC_EMAIL, FG_VIP, NU_RENTRAK, ID_THEATER_PARENT, NU_INFLUENCE, DT_LAST_MODIFICATION, ID_LAST_USER_MODIFIER, FG_ACTIVE) VALUES (26, 1, 59, 'Cinepolis Plaza Morelia', 16, 26, '60', 1020060, '014433146829/3149497/3233680', 'ptorresb@cinepolis.com; mgonzalezt@cinepolis.com', '0', 0, null, 2, '2018-01-16 13:36:17', 332, '1');
INSERT INTO C_THEATER (ID_THEATER, ID_REGION, ID_CITY, DS_NAME, ID_STATE, ID_EMAIL, ID_VISTA, NU_THEATER, DS_TELEPHONE, DS_CC_EMAIL, FG_VIP, NU_RENTRAK, ID_THEATER_PARENT, NU_INFLUENCE, DT_LAST_MODIFICATION, ID_LAST_USER_MODIFIER, FG_ACTIVE) VALUES (27, 1, 11, 'Cinepolis Plaza San Francisco', 16, 27, '517', 1020517, '786-1547914/786-1549364/786-1545658', 'ptorresb@cinepolis.com; mgonzalezt@cinepolis.com', '0', 1010921, null, 2, '2018-01-16 13:41:07', 332, '1');
INSERT INTO C_THEATER (ID_THEATER, ID_REGION, ID_CITY, DS_NAME, ID_STATE, ID_EMAIL, ID_VISTA, NU_THEATER, DS_TELEPHONE, DS_CC_EMAIL, FG_VIP, NU_RENTRAK, ID_THEATER_PARENT, NU_INFLUENCE, DT_LAST_MODIFICATION, ID_LAST_USER_MODIFIER, FG_ACTIVE) VALUES (28, 1, 69, 'Cinepolis Sendero Queretaro', 22, 28, '274', 1020274, '014422202872/2203068/2203122', 'ptorresb@cinepolis.com; mgonzalezt@cinepolis.com', '0', 60089, null, 2, '2018-01-16 13:41:51', 332, '1');
INSERT INTO C_THEATER (ID_THEATER, ID_REGION, ID_CITY, DS_NAME, ID_STATE, ID_EMAIL, ID_VISTA, NU_THEATER, DS_TELEPHONE, DS_CC_EMAIL, FG_VIP, NU_RENTRAK, ID_THEATER_PARENT, NU_INFLUENCE, DT_LAST_MODIFICATION, ID_LAST_USER_MODIFIER, FG_ACTIVE) VALUES (29, 1, 87, 'Cinepolis Tepeji del Rio', 14, 29, '326', 1020326, '017737330111/7338769/7338767', 'ptorresb@cinepolis.com; mgonzalezt@cinepolis.com', '0', 60121, null, 2, '2018-01-16 13:42:51', 332, '1');
INSERT INTO C_THEATER (ID_THEATER, ID_REGION, ID_CITY, DS_NAME, ID_STATE, ID_EMAIL, ID_VISTA, NU_THEATER, DS_TELEPHONE, DS_CC_EMAIL, FG_VIP, NU_RENTRAK, ID_THEATER_PARENT, NU_INFLUENCE, DT_LAST_MODIFICATION, ID_LAST_USER_MODIFIER, FG_ACTIVE) VALUES (30, 1, 95, 'Cinepolis Uruapa', 16, 30, '259', 1020259, '014525232600/5271888', 'ptorresb@cinepolis.com; mgonzalezt@cinepolis.com', '0', 60271, null, 3, '2018-01-16 13:43:14', 332, '1');
INSERT INTO C_THEATER (ID_THEATER, ID_REGION, ID_CITY, DS_NAME, ID_STATE, ID_EMAIL, ID_VISTA, NU_THEATER, DS_TELEPHONE, DS_CC_EMAIL, FG_VIP, NU_RENTRAK, ID_THEATER_PARENT, NU_INFLUENCE, DT_LAST_MODIFICATION, ID_LAST_USER_MODIFIER, FG_ACTIVE) VALUES (31, 1, 69, 'Cinepolis VIP Antea Queretaro', 22, 31, '571', 1020571, null, 'ptorresb@cinepolis.com; mgonzalezt@cinepolis.com', '0', 1032557, null, 3, '2018-01-16 13:43:58', 332, '1');
INSERT INTO C_THEATER (ID_THEATER, ID_REGION, ID_CITY, DS_NAME, ID_STATE, ID_EMAIL, ID_VISTA, NU_THEATER, DS_TELEPHONE, DS_CC_EMAIL, FG_VIP, NU_RENTRAK, ID_THEATER_PARENT, NU_INFLUENCE, DT_LAST_MODIFICATION, ID_LAST_USER_MODIFIER, FG_ACTIVE) VALUES (32, 1, 47, 'Cinepolis VIP Centro Comercial Altacia', 12, 32, '568', 1020568, '14772523125', 'ptorresb@cinepolis.com; mgonzalezt@cinepolis.com', '0', 1030082, null, 3, '2018-01-16 13:44:14', 332, '1');
INSERT INTO C_THEATER (ID_THEATER, ID_REGION, ID_CITY, DS_NAME, ID_STATE, ID_EMAIL, ID_VISTA, NU_THEATER, DS_TELEPHONE, DS_CC_EMAIL, FG_VIP, NU_RENTRAK, ID_THEATER_PARENT, NU_INFLUENCE, DT_LAST_MODIFICATION, ID_LAST_USER_MODIFIER, FG_ACTIVE) VALUES (33, 1, 59, 'Cinepolis VIP Las Americas Morelia', 16, 33, '295', 1020295, '014433240327/3241050/3240405', 'ptorresb@cinepolis.com; mgonzalezt@cinepolis.com', '0', 60203, null, 3, '2018-01-16 13:36:27', 332, '1');
INSERT INTO C_THEATER (ID_THEATER, ID_REGION, ID_CITY, DS_NAME, ID_STATE, ID_EMAIL, ID_VISTA, NU_THEATER, DS_TELEPHONE, DS_CC_EMAIL, FG_VIP, NU_RENTRAK, ID_THEATER_PARENT, NU_INFLUENCE, DT_LAST_MODIFICATION, ID_LAST_USER_MODIFIER, FG_ACTIVE) VALUES (34, 1, 69, 'Xtreme Las Americas Queretaro', 22, 34, '63', 1020063, '012237574/2131662', 'ptorresb@cinepolis.com; mgonzalezt@cinepolis.com', '0', 0, null, 3, '2018-01-16 13:46:06', 332, '1');
INSERT INTO C_THEATER (ID_THEATER, ID_REGION, ID_CITY, DS_NAME, ID_STATE, ID_EMAIL, ID_VISTA, NU_THEATER, DS_TELEPHONE, DS_CC_EMAIL, FG_VIP, NU_RENTRAK, ID_THEATER_PARENT, NU_INFLUENCE, DT_LAST_MODIFICATION, ID_LAST_USER_MODIFIER, FG_ACTIVE) VALUES (35, 1, 69, 'Xtreme Zaragoza', 22, 35, '47', 1020047, '012168062/2158914', 'ptorresb@cinepolis.com; mgonzalezt@cinepolis.com', '0', 0, null, 3, '2018-01-16 13:46:18', 332, '1');
INSERT INTO C_THEATER (ID_THEATER, ID_REGION, ID_CITY, DS_NAME, ID_STATE, ID_EMAIL, ID_VISTA, NU_THEATER, DS_TELEPHONE, DS_CC_EMAIL, FG_VIP, NU_RENTRAK, ID_THEATER_PARENT, NU_INFLUENCE, DT_LAST_MODIFICATION, ID_LAST_USER_MODIFIER, FG_ACTIVE) VALUES (36, 2, 33, 'Cinepolis Ajusco', 9, 36, '236', 1020236, '015530894652/30894269/30894673', null, '0', 60030, null, 0, '2015-05-22 18:17:43', 1, '1');
INSERT INTO C_THEATER (ID_THEATER, ID_REGION, ID_CITY, DS_NAME, ID_STATE, ID_EMAIL, ID_VISTA, NU_THEATER, DS_TELEPHONE, DS_CC_EMAIL, FG_VIP, NU_RENTRAK, ID_THEATER_PARENT, NU_INFLUENCE, DT_LAST_MODIFICATION, ID_LAST_USER_MODIFIER, FG_ACTIVE) VALUES (37, 2, 32, 'Cinepolis Arcos Bosques', 9, 37, '268', 1020268, '015521679594/21679601/21679597', null, '0', 60167, null, 0, '2015-05-22 18:17:43', 1, '1');
INSERT INTO C_THEATER (ID_THEATER, ID_REGION, ID_CITY, DS_NAME, ID_STATE, ID_EMAIL, ID_VISTA, NU_THEATER, DS_TELEPHONE, DS_CC_EMAIL, FG_VIP, NU_RENTRAK, ID_THEATER_PARENT, NU_INFLUENCE, DT_LAST_MODIFICATION, ID_LAST_USER_MODIFIER, FG_ACTIVE) VALUES (38, 2, 30, 'Cinepolis Arkana Norte', 9, 38, '434', 1020434, '5886207920640950', null, '0', 997957, null, 0, '2015-05-22 18:17:43', 1, '1');
INSERT INTO C_THEATER (ID_THEATER, ID_REGION, ID_CITY, DS_NAME, ID_STATE, ID_EMAIL, ID_VISTA, NU_THEATER, DS_TELEPHONE, DS_CC_EMAIL, FG_VIP, NU_RENTRAK, ID_THEATER_PARENT, NU_INFLUENCE, DT_LAST_MODIFICATION, ID_LAST_USER_MODIFIER, FG_ACTIVE) VALUES (39, 2, 30, 'Cinepolis Azcapotzalco', 9, 39, '100', 1020100, '15555619054', null, '0', 59336, null, 0, '2015-05-22 18:17:43', 1, '1');
INSERT INTO C_THEATER (ID_THEATER, ID_REGION, ID_CITY, DS_NAME, ID_STATE, ID_EMAIL, ID_VISTA, NU_THEATER, DS_TELEPHONE, DS_CC_EMAIL, FG_VIP, NU_RENTRAK, ID_THEATER_PARENT, NU_INFLUENCE, DT_LAST_MODIFICATION, ID_LAST_USER_MODIFIER, FG_ACTIVE) VALUES (40, 2, 29, 'Cinepolis Bucareli', 9, 40, '120', 1020120, '015555359002/55663261', null, '0', 59337, null, 0, '2017-11-09 11:53:14', 325, '1');
INSERT INTO C_THEATER (ID_THEATER, ID_REGION, ID_CITY, DS_NAME, ID_STATE, ID_EMAIL, ID_VISTA, NU_THEATER, DS_TELEPHONE, DS_CC_EMAIL, FG_VIP, NU_RENTRAK, ID_THEATER_PARENT, NU_INFLUENCE, DT_LAST_MODIFICATION, ID_LAST_USER_MODIFIER, FG_ACTIVE) VALUES (41, 2, 30, 'Cinepolis Centro Lago de Guadalupe', 9, 41, '339', 1020339, '015553053145/3053131/3053230', null, '0', 987172, null, 0, '2015-05-22 18:17:43', 1, '1');
INSERT INTO C_THEATER (ID_THEATER, ID_REGION, ID_CITY, DS_NAME, ID_STATE, ID_EMAIL, ID_VISTA, NU_THEATER, DS_TELEPHONE, DS_CC_EMAIL, FG_VIP, NU_RENTRAK, ID_THEATER_PARENT, NU_INFLUENCE, DT_LAST_MODIFICATION, ID_LAST_USER_MODIFIER, FG_ACTIVE) VALUES (42, 2, 31, 'Cinepolis Centro Tepoza', 9, 42, '390', 1020390, null, null, '0', 1003838, null, 0, '2015-05-22 18:17:43', 1, '1');
INSERT INTO C_THEATER (ID_THEATER, ID_REGION, ID_CITY, DS_NAME, ID_STATE, ID_EMAIL, ID_VISTA, NU_THEATER, DS_TELEPHONE, DS_CC_EMAIL, FG_VIP, NU_RENTRAK, ID_THEATER_PARENT, NU_INFLUENCE, DT_LAST_MODIFICATION, ID_LAST_USER_MODIFIER, FG_ACTIVE) VALUES (43, 2, 30, 'Cinepolis Coacalco', 9, 43, '403', 1020403, '015558650812/58650870', null, '0', 59381, null, 0, '2017-11-09 11:54:30', 325, '1');
INSERT INTO C_THEATER (ID_THEATER, ID_REGION, ID_CITY, DS_NAME, ID_STATE, ID_EMAIL, ID_VISTA, NU_THEATER, DS_TELEPHONE, DS_CC_EMAIL, FG_VIP, NU_RENTRAK, ID_THEATER_PARENT, NU_INFLUENCE, DT_LAST_MODIFICATION, ID_LAST_USER_MODIFIER, FG_ACTIVE) VALUES (44, 2, 30, 'Cinepolis Coacalco Power Center', 9, 44, '300', 1020300, '015515484035/15484037/15484036', null, '0', 60146, null, 0, '2017-11-09 11:54:21', 325, '1');
INSERT INTO C_THEATER (ID_THEATER, ID_REGION, ID_CITY, DS_NAME, ID_STATE, ID_EMAIL, ID_VISTA, NU_THEATER, DS_TELEPHONE, DS_CC_EMAIL, FG_VIP, NU_RENTRAK, ID_THEATER_PARENT, NU_INFLUENCE, DT_LAST_MODIFICATION, ID_LAST_USER_MODIFIER, FG_ACTIVE) VALUES (45, 1, 26, 'Cinepolis Cuautla', 17, 45, '361', 1020361, '17351141075', 'ptorresb@cinepolis.com; mgonzalezt@cinepolis.com', '0', 60158, null, 3, '2018-01-16 11:32:03', 332, '1');
INSERT INTO C_THEATER (ID_THEATER, ID_REGION, ID_CITY, DS_NAME, ID_STATE, ID_EMAIL, ID_VISTA, NU_THEATER, DS_TELEPHONE, DS_CC_EMAIL, FG_VIP, NU_RENTRAK, ID_THEATER_PARENT, NU_INFLUENCE, DT_LAST_MODIFICATION, ID_LAST_USER_MODIFIER, FG_ACTIVE) VALUES (46, 2, 29, 'Cinepolis Diana', 9, 46, '155', 1020155, '015552075505/55113236/55119172', null, '0', 59340, null, 0, '2017-11-09 11:52:58', 325, '1');
INSERT INTO C_THEATER (ID_THEATER, ID_REGION, ID_CITY, DS_NAME, ID_STATE, ID_EMAIL, ID_VISTA, NU_THEATER, DS_TELEPHONE, DS_CC_EMAIL, FG_VIP, NU_RENTRAK, ID_THEATER_PARENT, NU_INFLUENCE, DT_LAST_MODIFICATION, ID_LAST_USER_MODIFIER, FG_ACTIVE) VALUES (47, 2, 30, 'Cinepolis Ecatepec Americas', 9, 47, '244', 1020244, '015554864148/54864149/54864151', null, '0', 60035, null, 0, '2016-06-09 10:58:39', 325, '1');
INSERT INTO C_THEATER (ID_THEATER, ID_REGION, ID_CITY, DS_NAME, ID_STATE, ID_EMAIL, ID_VISTA, NU_THEATER, DS_TELEPHONE, DS_CC_EMAIL, FG_VIP, NU_RENTRAK, ID_THEATER_PARENT, NU_INFLUENCE, DT_LAST_MODIFICATION, ID_LAST_USER_MODIFIER, FG_ACTIVE) VALUES (48, 2, 29, 'Cinepolis Forum Buenavista', 9, 48, '297', 1020297, null, null, '0', 1007059, null, 0, '2017-11-09 11:52:46', 325, '1');
INSERT INTO C_THEATER (ID_THEATER, ID_REGION, ID_CITY, DS_NAME, ID_STATE, ID_EMAIL, ID_VISTA, NU_THEATER, DS_TELEPHONE, DS_CC_EMAIL, FG_VIP, NU_RENTRAK, ID_THEATER_PARENT, NU_INFLUENCE, DT_LAST_MODIFICATION, ID_LAST_USER_MODIFIER, FG_ACTIVE) VALUES (49, 2, 30, 'Cinepolis Galerias Atizapa', 9, 49, '254', 1020254, '015516689031/16689030', null, '0', 60226, null, 0, '2015-06-22 09:07:29', 12, '1');
INSERT INTO C_THEATER (ID_THEATER, ID_REGION, ID_CITY, DS_NAME, ID_STATE, ID_EMAIL, ID_VISTA, NU_THEATER, DS_TELEPHONE, DS_CC_EMAIL, FG_VIP, NU_RENTRAK, ID_THEATER_PARENT, NU_INFLUENCE, DT_LAST_MODIFICATION, ID_LAST_USER_MODIFIER, FG_ACTIVE) VALUES (50, 1, 27, 'Cinepolis Galerias Cuernavaca', 17, 50, '240', 1020240, '017773225399/3159549/3159608', 'ptorresb@cinepolis.com; mgonzalezt@cinepolis.com', '0', 60033, null, 3, '2018-01-16 11:37:11', 332, '1');

-- Catálogo de Salas
INSERT INTO C_SCREEN (ID_SCREEN, ID_THEATER, ID_VISTA, NU_SCREEN, NU_CAPACITY, QT_GREEN_SEMAPHORE, QT_YELLOW_SEMAPHORE, QT_RED_SEMAPHORE, ID_SCREEN_FORMAT, DT_LAST_MODIFICATION, ID_LAST_USER_MODIFIER, FG_ACTIVE) VALUES (1, 1, '560-1', 1, 382, 50.32, 43.76, 37.20, 16, '2018-01-16 10:39:02', 332, '1');
INSERT INTO C_SCREEN (ID_SCREEN, ID_THEATER, ID_VISTA, NU_SCREEN, NU_CAPACITY, QT_GREEN_SEMAPHORE, QT_YELLOW_SEMAPHORE, QT_RED_SEMAPHORE, ID_SCREEN_FORMAT, DT_LAST_MODIFICATION, ID_LAST_USER_MODIFIER, FG_ACTIVE) VALUES (2, 1, '560-2', 2, 398, 47.91, 41.66, 35.41, 13, '2018-01-16 10:39:03', 332, '1');
INSERT INTO C_SCREEN (ID_SCREEN, ID_THEATER, ID_VISTA, NU_SCREEN, NU_CAPACITY, QT_GREEN_SEMAPHORE, QT_YELLOW_SEMAPHORE, QT_RED_SEMAPHORE, ID_SCREEN_FORMAT, DT_LAST_MODIFICATION, ID_LAST_USER_MODIFIER, FG_ACTIVE) VALUES (3, 1, '560-3', 3, 201, 39.39, 34.25, 29.11, 18, '2018-01-16 10:39:03', 332, '1');
INSERT INTO C_SCREEN (ID_SCREEN, ID_THEATER, ID_VISTA, NU_SCREEN, NU_CAPACITY, QT_GREEN_SEMAPHORE, QT_YELLOW_SEMAPHORE, QT_RED_SEMAPHORE, ID_SCREEN_FORMAT, DT_LAST_MODIFICATION, ID_LAST_USER_MODIFIER, FG_ACTIVE) VALUES (4, 1, '560-4', 4, 173, 37.74, 32.82, 27.90, 13, '2018-01-16 10:39:03', 332, '1');
INSERT INTO C_SCREEN (ID_SCREEN, ID_THEATER, ID_VISTA, NU_SCREEN, NU_CAPACITY, QT_GREEN_SEMAPHORE, QT_YELLOW_SEMAPHORE, QT_RED_SEMAPHORE, ID_SCREEN_FORMAT, DT_LAST_MODIFICATION, ID_LAST_USER_MODIFIER, FG_ACTIVE) VALUES (5, 1, '560-5', 5, 173, 37.62, 32.71, 27.80, 15, '2018-01-16 10:39:03', 332, '1');
INSERT INTO C_SCREEN (ID_SCREEN, ID_THEATER, ID_VISTA, NU_SCREEN, NU_CAPACITY, QT_GREEN_SEMAPHORE, QT_YELLOW_SEMAPHORE, QT_RED_SEMAPHORE, ID_SCREEN_FORMAT, DT_LAST_MODIFICATION, ID_LAST_USER_MODIFIER, FG_ACTIVE) VALUES (6, 1, '560-6', 6, 134, 33.10, 28.78, 24.46, 18, '2018-01-16 10:39:03', 332, '1');
INSERT INTO C_SCREEN (ID_SCREEN, ID_THEATER, ID_VISTA, NU_SCREEN, NU_CAPACITY, QT_GREEN_SEMAPHORE, QT_YELLOW_SEMAPHORE, QT_RED_SEMAPHORE, ID_SCREEN_FORMAT, DT_LAST_MODIFICATION, ID_LAST_USER_MODIFIER, FG_ACTIVE) VALUES (7, 1, '560-7', 7, 134, 34.52, 30.02, 25.52, 13, '2018-01-16 10:39:03', 332, '1');
INSERT INTO C_SCREEN (ID_SCREEN, ID_THEATER, ID_VISTA, NU_SCREEN, NU_CAPACITY, QT_GREEN_SEMAPHORE, QT_YELLOW_SEMAPHORE, QT_RED_SEMAPHORE, ID_SCREEN_FORMAT, DT_LAST_MODIFICATION, ID_LAST_USER_MODIFIER, FG_ACTIVE) VALUES (8, 1, '560-8', 8, 138, 30.89, 26.86, 22.83, 18, '2018-01-16 10:39:03', 332, '1');
INSERT INTO C_SCREEN (ID_SCREEN, ID_THEATER, ID_VISTA, NU_SCREEN, NU_CAPACITY, QT_GREEN_SEMAPHORE, QT_YELLOW_SEMAPHORE, QT_RED_SEMAPHORE, ID_SCREEN_FORMAT, DT_LAST_MODIFICATION, ID_LAST_USER_MODIFIER, FG_ACTIVE) VALUES (9, 1, '560-9', 9, 132, 31.45, 27.35, 23.25, 13, '2018-01-16 10:39:03', 332, '1');
INSERT INTO C_SCREEN (ID_SCREEN, ID_THEATER, ID_VISTA, NU_SCREEN, NU_CAPACITY, QT_GREEN_SEMAPHORE, QT_YELLOW_SEMAPHORE, QT_RED_SEMAPHORE, ID_SCREEN_FORMAT, DT_LAST_MODIFICATION, ID_LAST_USER_MODIFIER, FG_ACTIVE) VALUES (10, 1, '560-10', 10, 136, 30.88, 26.85, 22.82, 13, '2018-01-16 10:39:04', 332, '1');
INSERT INTO C_SCREEN (ID_SCREEN, ID_THEATER, ID_VISTA, NU_SCREEN, NU_CAPACITY, QT_GREEN_SEMAPHORE, QT_YELLOW_SEMAPHORE, QT_RED_SEMAPHORE, ID_SCREEN_FORMAT, DT_LAST_MODIFICATION, ID_LAST_USER_MODIFIER, FG_ACTIVE) VALUES (11, 2, '527-1', 1, 311, 20.06, 17.44, 14.82, 16, '2018-01-16 11:30:44', 332, '1');
INSERT INTO C_SCREEN (ID_SCREEN, ID_THEATER, ID_VISTA, NU_SCREEN, NU_CAPACITY, QT_GREEN_SEMAPHORE, QT_YELLOW_SEMAPHORE, QT_RED_SEMAPHORE, ID_SCREEN_FORMAT, DT_LAST_MODIFICATION, ID_LAST_USER_MODIFIER, FG_ACTIVE) VALUES (12, 2, '527-2', 2, 224, 17.02, 14.80, 12.58, 12, '2018-01-16 11:30:44', 332, '1');
INSERT INTO C_SCREEN (ID_SCREEN, ID_THEATER, ID_VISTA, NU_SCREEN, NU_CAPACITY, QT_GREEN_SEMAPHORE, QT_YELLOW_SEMAPHORE, QT_RED_SEMAPHORE, ID_SCREEN_FORMAT, DT_LAST_MODIFICATION, ID_LAST_USER_MODIFIER, FG_ACTIVE) VALUES (13, 2, '527-3', 3, 149, 27.88, 24.24, 20.60, 13, '2018-01-16 11:30:44', 332, '1');
INSERT INTO C_SCREEN (ID_SCREEN, ID_THEATER, ID_VISTA, NU_SCREEN, NU_CAPACITY, QT_GREEN_SEMAPHORE, QT_YELLOW_SEMAPHORE, QT_RED_SEMAPHORE, ID_SCREEN_FORMAT, DT_LAST_MODIFICATION, ID_LAST_USER_MODIFIER, FG_ACTIVE) VALUES (14, 2, '527-4', 4, 209, 25.08, 21.81, 18.54, 18, '2018-01-16 11:30:44', 332, '1');
INSERT INTO C_SCREEN (ID_SCREEN, ID_THEATER, ID_VISTA, NU_SCREEN, NU_CAPACITY, QT_GREEN_SEMAPHORE, QT_YELLOW_SEMAPHORE, QT_RED_SEMAPHORE, ID_SCREEN_FORMAT, DT_LAST_MODIFICATION, ID_LAST_USER_MODIFIER, FG_ACTIVE) VALUES (15, 2, '527-5', 5, 170, 25.20, 21.91, 18.62, 13, '2018-01-16 11:30:44', 332, '1');
INSERT INTO C_SCREEN (ID_SCREEN, ID_THEATER, ID_VISTA, NU_SCREEN, NU_CAPACITY, QT_GREEN_SEMAPHORE, QT_YELLOW_SEMAPHORE, QT_RED_SEMAPHORE, ID_SCREEN_FORMAT, DT_LAST_MODIFICATION, ID_LAST_USER_MODIFIER, FG_ACTIVE) VALUES (16, 2, '527-6', 6, 177, 23.85, 20.74, 17.63, 13, '2018-01-16 11:30:44', 332, '1');
INSERT INTO C_SCREEN (ID_SCREEN, ID_THEATER, ID_VISTA, NU_SCREEN, NU_CAPACITY, QT_GREEN_SEMAPHORE, QT_YELLOW_SEMAPHORE, QT_RED_SEMAPHORE, ID_SCREEN_FORMAT, DT_LAST_MODIFICATION, ID_LAST_USER_MODIFIER, FG_ACTIVE) VALUES (17, 2, '527-7', 7, 125, 27.07, 23.54, 20.01, 18, '2018-01-16 11:30:44', 332, '1');
INSERT INTO C_SCREEN (ID_SCREEN, ID_THEATER, ID_VISTA, NU_SCREEN, NU_CAPACITY, QT_GREEN_SEMAPHORE, QT_YELLOW_SEMAPHORE, QT_RED_SEMAPHORE, ID_SCREEN_FORMAT, DT_LAST_MODIFICATION, ID_LAST_USER_MODIFIER, FG_ACTIVE) VALUES (18, 2, '527-8', 8, 125, 27.15, 23.61, 20.07, 13, '2018-01-16 11:30:44', 332, '1');
INSERT INTO C_SCREEN (ID_SCREEN, ID_THEATER, ID_VISTA, NU_SCREEN, NU_CAPACITY, QT_GREEN_SEMAPHORE, QT_YELLOW_SEMAPHORE, QT_RED_SEMAPHORE, ID_SCREEN_FORMAT, DT_LAST_MODIFICATION, ID_LAST_USER_MODIFIER, FG_ACTIVE) VALUES (19, 2, '527-9', 9, 125, 24.93, 21.68, 18.43, 13, '2018-01-16 11:30:44', 332, '1');
INSERT INTO C_SCREEN (ID_SCREEN, ID_THEATER, ID_VISTA, NU_SCREEN, NU_CAPACITY, QT_GREEN_SEMAPHORE, QT_YELLOW_SEMAPHORE, QT_RED_SEMAPHORE, ID_SCREEN_FORMAT, DT_LAST_MODIFICATION, ID_LAST_USER_MODIFIER, FG_ACTIVE) VALUES (20, 2, '527-10', 10, 125, 24.91, 21.66, 18.41, 13, '2018-01-16 11:30:44', 332, '1');
INSERT INTO C_SCREEN (ID_SCREEN, ID_THEATER, ID_VISTA, NU_SCREEN, NU_CAPACITY, QT_GREEN_SEMAPHORE, QT_YELLOW_SEMAPHORE, QT_RED_SEMAPHORE, ID_SCREEN_FORMAT, DT_LAST_MODIFICATION, ID_LAST_USER_MODIFIER, FG_ACTIVE) VALUES (21, 3, '566-1', 1, 184, 23.72, 20.63, 17.54, 13, '2018-01-16 11:30:32', 332, '1');
INSERT INTO C_SCREEN (ID_SCREEN, ID_THEATER, ID_VISTA, NU_SCREEN, NU_CAPACITY, QT_GREEN_SEMAPHORE, QT_YELLOW_SEMAPHORE, QT_RED_SEMAPHORE, ID_SCREEN_FORMAT, DT_LAST_MODIFICATION, ID_LAST_USER_MODIFIER, FG_ACTIVE) VALUES (22, 3, '566-2', 2, 110, 22.39, 19.47, 16.55, 13, '2018-01-16 11:30:32', 332, '1');
INSERT INTO C_SCREEN (ID_SCREEN, ID_THEATER, ID_VISTA, NU_SCREEN, NU_CAPACITY, QT_GREEN_SEMAPHORE, QT_YELLOW_SEMAPHORE, QT_RED_SEMAPHORE, ID_SCREEN_FORMAT, DT_LAST_MODIFICATION, ID_LAST_USER_MODIFIER, FG_ACTIVE) VALUES (23, 3, '566-3', 3, 106, 30.73, 26.72, 22.71, 18, '2018-01-16 11:30:32', 332, '1');
INSERT INTO C_SCREEN (ID_SCREEN, ID_THEATER, ID_VISTA, NU_SCREEN, NU_CAPACITY, QT_GREEN_SEMAPHORE, QT_YELLOW_SEMAPHORE, QT_RED_SEMAPHORE, ID_SCREEN_FORMAT, DT_LAST_MODIFICATION, ID_LAST_USER_MODIFIER, FG_ACTIVE) VALUES (24, 3, '566-4', 4, 106, 20.86, 18.14, 15.42, 13, '2018-01-16 11:30:32', 332, '1');
INSERT INTO C_SCREEN (ID_SCREEN, ID_THEATER, ID_VISTA, NU_SCREEN, NU_CAPACITY, QT_GREEN_SEMAPHORE, QT_YELLOW_SEMAPHORE, QT_RED_SEMAPHORE, ID_SCREEN_FORMAT, DT_LAST_MODIFICATION, ID_LAST_USER_MODIFIER, FG_ACTIVE) VALUES (25, 3, '566-5', 5, 116, 20.08, 17.46, 14.84, 13, '2018-01-16 11:30:32', 332, '1');
INSERT INTO C_SCREEN (ID_SCREEN, ID_THEATER, ID_VISTA, NU_SCREEN, NU_CAPACITY, QT_GREEN_SEMAPHORE, QT_YELLOW_SEMAPHORE, QT_RED_SEMAPHORE, ID_SCREEN_FORMAT, DT_LAST_MODIFICATION, ID_LAST_USER_MODIFIER, FG_ACTIVE) VALUES (26, 3, '566-6', 6, 131, 20.73, 18.03, 15.33, 13, '2018-01-16 11:30:32', 332, '1');
INSERT INTO C_SCREEN (ID_SCREEN, ID_THEATER, ID_VISTA, NU_SCREEN, NU_CAPACITY, QT_GREEN_SEMAPHORE, QT_YELLOW_SEMAPHORE, QT_RED_SEMAPHORE, ID_SCREEN_FORMAT, DT_LAST_MODIFICATION, ID_LAST_USER_MODIFIER, FG_ACTIVE) VALUES (27, 3, '566-7', 7, 162, 19.21, 16.70, 14.20, 13, '2018-01-16 11:30:32', 332, '1');
INSERT INTO C_SCREEN (ID_SCREEN, ID_THEATER, ID_VISTA, NU_SCREEN, NU_CAPACITY, QT_GREEN_SEMAPHORE, QT_YELLOW_SEMAPHORE, QT_RED_SEMAPHORE, ID_SCREEN_FORMAT, DT_LAST_MODIFICATION, ID_LAST_USER_MODIFIER, FG_ACTIVE) VALUES (28, 3, '566-8', 8, 173, 21.93, 19.07, 16.21, 18, '2018-01-16 11:30:32', 332, '1');
INSERT INTO C_SCREEN (ID_SCREEN, ID_THEATER, ID_VISTA, NU_SCREEN, NU_CAPACITY, QT_GREEN_SEMAPHORE, QT_YELLOW_SEMAPHORE, QT_RED_SEMAPHORE, ID_SCREEN_FORMAT, DT_LAST_MODIFICATION, ID_LAST_USER_MODIFIER, FG_ACTIVE) VALUES (29, 4, '168-1', 1, 329, 12.80, 11.13, 9.46, 16, '2018-01-16 11:31:34', 332, '1');
INSERT INTO C_SCREEN (ID_SCREEN, ID_THEATER, ID_VISTA, NU_SCREEN, NU_CAPACITY, QT_GREEN_SEMAPHORE, QT_YELLOW_SEMAPHORE, QT_RED_SEMAPHORE, ID_SCREEN_FORMAT, DT_LAST_MODIFICATION, ID_LAST_USER_MODIFIER, FG_ACTIVE) VALUES (30, 4, '168-2', 2, 425, 12.82, 11.15, 9.48, 13, '2018-01-16 11:31:35', 332, '1');
INSERT INTO C_SCREEN (ID_SCREEN, ID_THEATER, ID_VISTA, NU_SCREEN, NU_CAPACITY, QT_GREEN_SEMAPHORE, QT_YELLOW_SEMAPHORE, QT_RED_SEMAPHORE, ID_SCREEN_FORMAT, DT_LAST_MODIFICATION, ID_LAST_USER_MODIFIER, FG_ACTIVE) VALUES (31, 4, '168-3', 3, 185, 18.22, 15.84, 13.46, 21, '2018-01-16 11:31:35', 332, '1');
INSERT INTO C_SCREEN (ID_SCREEN, ID_THEATER, ID_VISTA, NU_SCREEN, NU_CAPACITY, QT_GREEN_SEMAPHORE, QT_YELLOW_SEMAPHORE, QT_RED_SEMAPHORE, ID_SCREEN_FORMAT, DT_LAST_MODIFICATION, ID_LAST_USER_MODIFIER, FG_ACTIVE) VALUES (32, 4, '168-4', 4, 191, 21.62, 18.80, 15.98, 13, '2018-01-16 11:31:35', 332, '1');
INSERT INTO C_SCREEN (ID_SCREEN, ID_THEATER, ID_VISTA, NU_SCREEN, NU_CAPACITY, QT_GREEN_SEMAPHORE, QT_YELLOW_SEMAPHORE, QT_RED_SEMAPHORE, ID_SCREEN_FORMAT, DT_LAST_MODIFICATION, ID_LAST_USER_MODIFIER, FG_ACTIVE) VALUES (33, 4, '168-5', 5, 74, 34.78, 30.24, 25.70, 15, '2018-01-16 11:31:35', 332, '1');
INSERT INTO C_SCREEN (ID_SCREEN, ID_THEATER, ID_VISTA, NU_SCREEN, NU_CAPACITY, QT_GREEN_SEMAPHORE, QT_YELLOW_SEMAPHORE, QT_RED_SEMAPHORE, ID_SCREEN_FORMAT, DT_LAST_MODIFICATION, ID_LAST_USER_MODIFIER, FG_ACTIVE) VALUES (34, 4, '168-6', 6, 187, 18.14, 15.77, 13.40, 18, '2018-01-16 11:31:35', 332, '1');
INSERT INTO C_SCREEN (ID_SCREEN, ID_THEATER, ID_VISTA, NU_SCREEN, NU_CAPACITY, QT_GREEN_SEMAPHORE, QT_YELLOW_SEMAPHORE, QT_RED_SEMAPHORE, ID_SCREEN_FORMAT, DT_LAST_MODIFICATION, ID_LAST_USER_MODIFIER, FG_ACTIVE) VALUES (35, 4, '168-7', 7, 103, 13.43, 11.68, 9.93, 31, '2018-01-16 11:31:35', 332, '1');
INSERT INTO C_SCREEN (ID_SCREEN, ID_THEATER, ID_VISTA, NU_SCREEN, NU_CAPACITY, QT_GREEN_SEMAPHORE, QT_YELLOW_SEMAPHORE, QT_RED_SEMAPHORE, ID_SCREEN_FORMAT, DT_LAST_MODIFICATION, ID_LAST_USER_MODIFIER, FG_ACTIVE) VALUES (36, 4, '168-8', 8, 106, 16.16, 14.05, 11.94, 31, '2018-01-16 11:31:35', 332, '1');
INSERT INTO C_SCREEN (ID_SCREEN, ID_THEATER, ID_VISTA, NU_SCREEN, NU_CAPACITY, QT_GREEN_SEMAPHORE, QT_YELLOW_SEMAPHORE, QT_RED_SEMAPHORE, ID_SCREEN_FORMAT, DT_LAST_MODIFICATION, ID_LAST_USER_MODIFIER, FG_ACTIVE) VALUES (37, 4, '168-9', 9, 85, 15.92, 13.84, 11.76, 31, '2018-01-16 11:31:35', 332, '1');
INSERT INTO C_SCREEN (ID_SCREEN, ID_THEATER, ID_VISTA, NU_SCREEN, NU_CAPACITY, QT_GREEN_SEMAPHORE, QT_YELLOW_SEMAPHORE, QT_RED_SEMAPHORE, ID_SCREEN_FORMAT, DT_LAST_MODIFICATION, ID_LAST_USER_MODIFIER, FG_ACTIVE) VALUES (38, 4, '168-10', 10, 106, 14.52, 12.63, 10.74, 31, '2018-01-16 11:31:35', 332, '1');
INSERT INTO C_SCREEN (ID_SCREEN, ID_THEATER, ID_VISTA, NU_SCREEN, NU_CAPACITY, QT_GREEN_SEMAPHORE, QT_YELLOW_SEMAPHORE, QT_RED_SEMAPHORE, ID_SCREEN_FORMAT, DT_LAST_MODIFICATION, ID_LAST_USER_MODIFIER, FG_ACTIVE) VALUES (39, 4, '168-11', 11, 168, 18.60, 16.17, 13.74, 13, '2018-01-16 11:31:35', 332, '1');
INSERT INTO C_SCREEN (ID_SCREEN, ID_THEATER, ID_VISTA, NU_SCREEN, NU_CAPACITY, QT_GREEN_SEMAPHORE, QT_YELLOW_SEMAPHORE, QT_RED_SEMAPHORE, ID_SCREEN_FORMAT, DT_LAST_MODIFICATION, ID_LAST_USER_MODIFIER, FG_ACTIVE) VALUES (40, 4, '168-12', 12, 176, 19.26, 16.75, 14.24, 18, '2018-01-16 11:31:35', 332, '1');
INSERT INTO C_SCREEN (ID_SCREEN, ID_THEATER, ID_VISTA, NU_SCREEN, NU_CAPACITY, QT_GREEN_SEMAPHORE, QT_YELLOW_SEMAPHORE, QT_RED_SEMAPHORE, ID_SCREEN_FORMAT, DT_LAST_MODIFICATION, ID_LAST_USER_MODIFIER, FG_ACTIVE) VALUES (41, 4, '168-13', 13, 176, 17.92, 15.58, 13.24, 18, '2018-01-16 11:31:35', 332, '1');
INSERT INTO C_SCREEN (ID_SCREEN, ID_THEATER, ID_VISTA, NU_SCREEN, NU_CAPACITY, QT_GREEN_SEMAPHORE, QT_YELLOW_SEMAPHORE, QT_RED_SEMAPHORE, ID_SCREEN_FORMAT, DT_LAST_MODIFICATION, ID_LAST_USER_MODIFIER, FG_ACTIVE) VALUES (42, 4, '168-14', 14, 176, 20.45, 17.78, 15.11, 13, '2018-01-16 11:31:35', 332, '1');
INSERT INTO C_SCREEN (ID_SCREEN, ID_THEATER, ID_VISTA, NU_SCREEN, NU_CAPACITY, QT_GREEN_SEMAPHORE, QT_YELLOW_SEMAPHORE, QT_RED_SEMAPHORE, ID_SCREEN_FORMAT, DT_LAST_MODIFICATION, ID_LAST_USER_MODIFIER, FG_ACTIVE) VALUES (43, 4, '168-15', 15, 183, 20.36, 17.70, 15.05, 13, '2018-01-16 11:31:35', 332, '1');
INSERT INTO C_SCREEN (ID_SCREEN, ID_THEATER, ID_VISTA, NU_SCREEN, NU_CAPACITY, QT_GREEN_SEMAPHORE, QT_YELLOW_SEMAPHORE, QT_RED_SEMAPHORE, ID_SCREEN_FORMAT, DT_LAST_MODIFICATION, ID_LAST_USER_MODIFIER, FG_ACTIVE) VALUES (44, 4, '168-16', 16, 176, 20.19, 17.56, 14.93, 13, '2018-01-16 11:31:35', 332, '1');
INSERT INTO C_SCREEN (ID_SCREEN, ID_THEATER, ID_VISTA, NU_SCREEN, NU_CAPACITY, QT_GREEN_SEMAPHORE, QT_YELLOW_SEMAPHORE, QT_RED_SEMAPHORE, ID_SCREEN_FORMAT, DT_LAST_MODIFICATION, ID_LAST_USER_MODIFIER, FG_ACTIVE) VALUES (45, 4, '168-17', 17, 181, 19.65, 17.09, 14.53, 13, '2018-01-16 11:31:35', 332, '1');
INSERT INTO C_SCREEN (ID_SCREEN, ID_THEATER, ID_VISTA, NU_SCREEN, NU_CAPACITY, QT_GREEN_SEMAPHORE, QT_YELLOW_SEMAPHORE, QT_RED_SEMAPHORE, ID_SCREEN_FORMAT, DT_LAST_MODIFICATION, ID_LAST_USER_MODIFIER, FG_ACTIVE) VALUES (46, 5, '309-1', 1, 220, 32.60, 28.35, 24.10, 16, '2018-01-16 11:32:34', 332, '1');
INSERT INTO C_SCREEN (ID_SCREEN, ID_THEATER, ID_VISTA, NU_SCREEN, NU_CAPACITY, QT_GREEN_SEMAPHORE, QT_YELLOW_SEMAPHORE, QT_RED_SEMAPHORE, ID_SCREEN_FORMAT, DT_LAST_MODIFICATION, ID_LAST_USER_MODIFIER, FG_ACTIVE) VALUES (47, 5, '309-2', 2, 77, 47.17, 41.02, 34.87, 13, '2018-01-16 11:32:34', 332, '1');
INSERT INTO C_SCREEN (ID_SCREEN, ID_THEATER, ID_VISTA, NU_SCREEN, NU_CAPACITY, QT_GREEN_SEMAPHORE, QT_YELLOW_SEMAPHORE, QT_RED_SEMAPHORE, ID_SCREEN_FORMAT, DT_LAST_MODIFICATION, ID_LAST_USER_MODIFIER, FG_ACTIVE) VALUES (48, 5, '309-3', 3, 77, 50.15, 43.61, 37.07, 13, '2018-01-16 11:32:34', 332, '1');
INSERT INTO C_SCREEN (ID_SCREEN, ID_THEATER, ID_VISTA, NU_SCREEN, NU_CAPACITY, QT_GREEN_SEMAPHORE, QT_YELLOW_SEMAPHORE, QT_RED_SEMAPHORE, ID_SCREEN_FORMAT, DT_LAST_MODIFICATION, ID_LAST_USER_MODIFIER, FG_ACTIVE) VALUES (49, 5, '309-4', 4, 224, 30.95, 26.91, 22.87, 12, '2018-01-16 11:32:34', 332, '1');
INSERT INTO C_SCREEN (ID_SCREEN, ID_THEATER, ID_VISTA, NU_SCREEN, NU_CAPACITY, QT_GREEN_SEMAPHORE, QT_YELLOW_SEMAPHORE, QT_RED_SEMAPHORE, ID_SCREEN_FORMAT, DT_LAST_MODIFICATION, ID_LAST_USER_MODIFIER, FG_ACTIVE) VALUES (50, 5, '309-5', 5, 85, 42.12, 36.63, 31.14, 13, '2018-01-16 11:32:34', 332, '1');
INSERT INTO C_SCREEN (ID_SCREEN, ID_THEATER, ID_VISTA, NU_SCREEN, NU_CAPACITY, QT_GREEN_SEMAPHORE, QT_YELLOW_SEMAPHORE, QT_RED_SEMAPHORE, ID_SCREEN_FORMAT, DT_LAST_MODIFICATION, ID_LAST_USER_MODIFIER, FG_ACTIVE) VALUES (51, 5, '309-6', 6, 111, 43.84, 38.12, 32.40, 13, '2018-01-16 11:32:34', 332, '1');
INSERT INTO C_SCREEN (ID_SCREEN, ID_THEATER, ID_VISTA, NU_SCREEN, NU_CAPACITY, QT_GREEN_SEMAPHORE, QT_YELLOW_SEMAPHORE, QT_RED_SEMAPHORE, ID_SCREEN_FORMAT, DT_LAST_MODIFICATION, ID_LAST_USER_MODIFIER, FG_ACTIVE) VALUES (52, 5, '309-7', 7, 111, 43.59, 37.90, 32.22, 18, '2018-01-16 11:32:34', 332, '1');
INSERT INTO C_SCREEN (ID_SCREEN, ID_THEATER, ID_VISTA, NU_SCREEN, NU_CAPACITY, QT_GREEN_SEMAPHORE, QT_YELLOW_SEMAPHORE, QT_RED_SEMAPHORE, ID_SCREEN_FORMAT, DT_LAST_MODIFICATION, ID_LAST_USER_MODIFIER, FG_ACTIVE) VALUES (53, 5, '309-8', 8, 111, 45.06, 39.18, 33.30, 13, '2018-01-16 11:32:34', 332, '1');
INSERT INTO C_SCREEN (ID_SCREEN, ID_THEATER, ID_VISTA, NU_SCREEN, NU_CAPACITY, QT_GREEN_SEMAPHORE, QT_YELLOW_SEMAPHORE, QT_RED_SEMAPHORE, ID_SCREEN_FORMAT, DT_LAST_MODIFICATION, ID_LAST_USER_MODIFIER, FG_ACTIVE) VALUES (54, 5, '309-9', 9, 111, 42.45, 36.91, 31.37, 18, '2018-01-16 11:32:34', 332, '1');
INSERT INTO C_SCREEN (ID_SCREEN, ID_THEATER, ID_VISTA, NU_SCREEN, NU_CAPACITY, QT_GREEN_SEMAPHORE, QT_YELLOW_SEMAPHORE, QT_RED_SEMAPHORE, ID_SCREEN_FORMAT, DT_LAST_MODIFICATION, ID_LAST_USER_MODIFIER, FG_ACTIVE) VALUES (55, 5, '309-10', 10, 111, 43.10, 37.48, 31.86, 13, '2018-01-16 11:32:34', 332, '1');
INSERT INTO C_SCREEN (ID_SCREEN, ID_THEATER, ID_VISTA, NU_SCREEN, NU_CAPACITY, QT_GREEN_SEMAPHORE, QT_YELLOW_SEMAPHORE, QT_RED_SEMAPHORE, ID_SCREEN_FORMAT, DT_LAST_MODIFICATION, ID_LAST_USER_MODIFIER, FG_ACTIVE) VALUES (56, 5, '309-11', 11, 111, 43.38, 37.72, 32.06, 18, '2018-01-16 11:32:34', 332, '1');
INSERT INTO C_SCREEN (ID_SCREEN, ID_THEATER, ID_VISTA, NU_SCREEN, NU_CAPACITY, QT_GREEN_SEMAPHORE, QT_YELLOW_SEMAPHORE, QT_RED_SEMAPHORE, ID_SCREEN_FORMAT, DT_LAST_MODIFICATION, ID_LAST_USER_MODIFIER, FG_ACTIVE) VALUES (57, 5, '309-12', 12, 88, 31.45, 27.35, 23.25, 17, '2018-01-16 11:32:34', 332, '1');
INSERT INTO C_SCREEN (ID_SCREEN, ID_THEATER, ID_VISTA, NU_SCREEN, NU_CAPACITY, QT_GREEN_SEMAPHORE, QT_YELLOW_SEMAPHORE, QT_RED_SEMAPHORE, ID_SCREEN_FORMAT, DT_LAST_MODIFICATION, ID_LAST_USER_MODIFIER, FG_ACTIVE) VALUES (58, 5, '309-13', 13, 138, 44.08, 38.33, 32.58, 13, '2018-01-16 11:32:34', 332, '1');
INSERT INTO C_SCREEN (ID_SCREEN, ID_THEATER, ID_VISTA, NU_SCREEN, NU_CAPACITY, QT_GREEN_SEMAPHORE, QT_YELLOW_SEMAPHORE, QT_RED_SEMAPHORE, ID_SCREEN_FORMAT, DT_LAST_MODIFICATION, ID_LAST_USER_MODIFIER, FG_ACTIVE) VALUES (59, 5, '309-14', 14, 138, 43.52, 37.84, 32.16, 13, '2018-01-16 11:32:34', 332, '1');
INSERT INTO C_SCREEN (ID_SCREEN, ID_THEATER, ID_VISTA, NU_SCREEN, NU_CAPACITY, QT_GREEN_SEMAPHORE, QT_YELLOW_SEMAPHORE, QT_RED_SEMAPHORE, ID_SCREEN_FORMAT, DT_LAST_MODIFICATION, ID_LAST_USER_MODIFIER, FG_ACTIVE) VALUES (60, 5, '309-15', 15, 129, 42.35, 36.83, 31.31, 18, '2018-01-16 11:32:34', 332, '1');
INSERT INTO C_SCREEN (ID_SCREEN, ID_THEATER, ID_VISTA, NU_SCREEN, NU_CAPACITY, QT_GREEN_SEMAPHORE, QT_YELLOW_SEMAPHORE, QT_RED_SEMAPHORE, ID_SCREEN_FORMAT, DT_LAST_MODIFICATION, ID_LAST_USER_MODIFIER, FG_ACTIVE) VALUES (61, 6, '438-1', 1, 192, 21.26, 18.49, 15.72, 13, '2018-01-16 11:36:54', 332, '1');
INSERT INTO C_SCREEN (ID_SCREEN, ID_THEATER, ID_VISTA, NU_SCREEN, NU_CAPACITY, QT_GREEN_SEMAPHORE, QT_YELLOW_SEMAPHORE, QT_RED_SEMAPHORE, ID_SCREEN_FORMAT, DT_LAST_MODIFICATION, ID_LAST_USER_MODIFIER, FG_ACTIVE) VALUES (62, 6, '438-2', 2, 356, 20.85, 18.13, 15.41, 16, '2018-01-16 11:36:54', 332, '1');
INSERT INTO C_SCREEN (ID_SCREEN, ID_THEATER, ID_VISTA, NU_SCREEN, NU_CAPACITY, QT_GREEN_SEMAPHORE, QT_YELLOW_SEMAPHORE, QT_RED_SEMAPHORE, ID_SCREEN_FORMAT, DT_LAST_MODIFICATION, ID_LAST_USER_MODIFIER, FG_ACTIVE) VALUES (63, 6, '438-3', 3, 422, 15.88, 13.81, 11.74, 13, '2018-01-16 11:36:54', 332, '1');
INSERT INTO C_SCREEN (ID_SCREEN, ID_THEATER, ID_VISTA, NU_SCREEN, NU_CAPACITY, QT_GREEN_SEMAPHORE, QT_YELLOW_SEMAPHORE, QT_RED_SEMAPHORE, ID_SCREEN_FORMAT, DT_LAST_MODIFICATION, ID_LAST_USER_MODIFIER, FG_ACTIVE) VALUES (64, 6, '438-4', 4, 195, 24.77, 21.54, 18.31, 13, '2018-01-16 11:36:54', 332, '1');
INSERT INTO C_SCREEN (ID_SCREEN, ID_THEATER, ID_VISTA, NU_SCREEN, NU_CAPACITY, QT_GREEN_SEMAPHORE, QT_YELLOW_SEMAPHORE, QT_RED_SEMAPHORE, ID_SCREEN_FORMAT, DT_LAST_MODIFICATION, ID_LAST_USER_MODIFIER, FG_ACTIVE) VALUES (65, 6, '438-5', 5, 198, 28.82, 25.06, 21.30, 18, '2018-01-16 11:36:54', 332, '1');
INSERT INTO C_SCREEN (ID_SCREEN, ID_THEATER, ID_VISTA, NU_SCREEN, NU_CAPACITY, QT_GREEN_SEMAPHORE, QT_YELLOW_SEMAPHORE, QT_RED_SEMAPHORE, ID_SCREEN_FORMAT, DT_LAST_MODIFICATION, ID_LAST_USER_MODIFIER, FG_ACTIVE) VALUES (66, 6, '438-6', 6, 169, 24.77, 21.54, 18.31, 18, '2018-01-16 11:36:54', 332, '1');
INSERT INTO C_SCREEN (ID_SCREEN, ID_THEATER, ID_VISTA, NU_SCREEN, NU_CAPACITY, QT_GREEN_SEMAPHORE, QT_YELLOW_SEMAPHORE, QT_RED_SEMAPHORE, ID_SCREEN_FORMAT, DT_LAST_MODIFICATION, ID_LAST_USER_MODIFIER, FG_ACTIVE) VALUES (67, 6, '438-7', 7, 169, 24.24, 21.08, 17.92, 18, '2018-01-16 11:36:54', 332, '1');
INSERT INTO C_SCREEN (ID_SCREEN, ID_THEATER, ID_VISTA, NU_SCREEN, NU_CAPACITY, QT_GREEN_SEMAPHORE, QT_YELLOW_SEMAPHORE, QT_RED_SEMAPHORE, ID_SCREEN_FORMAT, DT_LAST_MODIFICATION, ID_LAST_USER_MODIFIER, FG_ACTIVE) VALUES (68, 6, '438-8', 8, 169, 23.22, 20.19, 17.16, 13, '2018-01-16 11:36:54', 332, '1');
INSERT INTO C_SCREEN (ID_SCREEN, ID_THEATER, ID_VISTA, NU_SCREEN, NU_CAPACITY, QT_GREEN_SEMAPHORE, QT_YELLOW_SEMAPHORE, QT_RED_SEMAPHORE, ID_SCREEN_FORMAT, DT_LAST_MODIFICATION, ID_LAST_USER_MODIFIER, FG_ACTIVE) VALUES (69, 6, '438-9', 9, 169, 21.33, 18.55, 15.77, 18, '2018-01-16 11:36:54', 332, '1');
INSERT INTO C_SCREEN (ID_SCREEN, ID_THEATER, ID_VISTA, NU_SCREEN, NU_CAPACITY, QT_GREEN_SEMAPHORE, QT_YELLOW_SEMAPHORE, QT_RED_SEMAPHORE, ID_SCREEN_FORMAT, DT_LAST_MODIFICATION, ID_LAST_USER_MODIFIER, FG_ACTIVE) VALUES (70, 6, '438-10', 10, 169, 26.55, 23.09, 19.63, 13, '2018-01-16 11:36:54', 332, '1');
INSERT INTO C_SCREEN (ID_SCREEN, ID_THEATER, ID_VISTA, NU_SCREEN, NU_CAPACITY, QT_GREEN_SEMAPHORE, QT_YELLOW_SEMAPHORE, QT_RED_SEMAPHORE, ID_SCREEN_FORMAT, DT_LAST_MODIFICATION, ID_LAST_USER_MODIFIER, FG_ACTIVE) VALUES (71, 7, '404-1', 1, 161, 35.28, 30.68, 26.08, 18, '2018-01-16 11:37:40', 332, '1');
INSERT INTO C_SCREEN (ID_SCREEN, ID_THEATER, ID_VISTA, NU_SCREEN, NU_CAPACITY, QT_GREEN_SEMAPHORE, QT_YELLOW_SEMAPHORE, QT_RED_SEMAPHORE, ID_SCREEN_FORMAT, DT_LAST_MODIFICATION, ID_LAST_USER_MODIFIER, FG_ACTIVE) VALUES (72, 7, '404-2', 2, 91, 36.58, 31.81, 27.04, 13, '2018-01-16 11:37:40', 332, '1');
INSERT INTO C_SCREEN (ID_SCREEN, ID_THEATER, ID_VISTA, NU_SCREEN, NU_CAPACITY, QT_GREEN_SEMAPHORE, QT_YELLOW_SEMAPHORE, QT_RED_SEMAPHORE, ID_SCREEN_FORMAT, DT_LAST_MODIFICATION, ID_LAST_USER_MODIFIER, FG_ACTIVE) VALUES (73, 7, '404-3', 3, 91, 40.53, 35.24, 29.95, 18, '2018-01-16 11:37:40', 332, '1');
INSERT INTO C_SCREEN (ID_SCREEN, ID_THEATER, ID_VISTA, NU_SCREEN, NU_CAPACITY, QT_GREEN_SEMAPHORE, QT_YELLOW_SEMAPHORE, QT_RED_SEMAPHORE, ID_SCREEN_FORMAT, DT_LAST_MODIFICATION, ID_LAST_USER_MODIFIER, FG_ACTIVE) VALUES (74, 7, '404-4', 4, 91, 33.96, 29.53, 25.10, 13, '2018-01-16 11:37:40', 332, '1');
INSERT INTO C_SCREEN (ID_SCREEN, ID_THEATER, ID_VISTA, NU_SCREEN, NU_CAPACITY, QT_GREEN_SEMAPHORE, QT_YELLOW_SEMAPHORE, QT_RED_SEMAPHORE, ID_SCREEN_FORMAT, DT_LAST_MODIFICATION, ID_LAST_USER_MODIFIER, FG_ACTIVE) VALUES (75, 7, '404-5', 5, 91, 36.83, 32.03, 27.23, 13, '2018-01-16 11:37:40', 332, '1');
INSERT INTO C_SCREEN (ID_SCREEN, ID_THEATER, ID_VISTA, NU_SCREEN, NU_CAPACITY, QT_GREEN_SEMAPHORE, QT_YELLOW_SEMAPHORE, QT_RED_SEMAPHORE, ID_SCREEN_FORMAT, DT_LAST_MODIFICATION, ID_LAST_USER_MODIFIER, FG_ACTIVE) VALUES (76, 7, '404-6', 6, 91, 31.45, 27.35, 23.25, 13, '2018-01-16 11:37:40', 332, '1');
INSERT INTO C_SCREEN (ID_SCREEN, ID_THEATER, ID_VISTA, NU_SCREEN, NU_CAPACITY, QT_GREEN_SEMAPHORE, QT_YELLOW_SEMAPHORE, QT_RED_SEMAPHORE, ID_SCREEN_FORMAT, DT_LAST_MODIFICATION, ID_LAST_USER_MODIFIER, FG_ACTIVE) VALUES (77, 7, '404-7', 7, 91, 30.29, 26.34, 22.39, 13, '2018-01-16 11:37:40', 332, '1');

-- Catálogo de Estatus Scheduler
INSERT INTO C_SCHEDULER_STATUS (ID_SCHEDULER_STATUS, DS_STATUS, DT_LAST_MODIFICATION, ID_LAST_USER_MODIFIER, FG_ACTIVE) VALUES (1, 'Created', '2018-01-31 18:35:24', 0, '1');
INSERT INTO C_SCHEDULER_STATUS (ID_SCHEDULER_STATUS, DS_STATUS, DT_LAST_MODIFICATION, ID_LAST_USER_MODIFIER, FG_ACTIVE) VALUES (2, 'Notified', '2018-01-31 18:35:24', 0, '1');
INSERT INTO C_SCHEDULER_STATUS (ID_SCHEDULER_STATUS, DS_STATUS, DT_LAST_MODIFICATION, ID_LAST_USER_MODIFIER, FG_ACTIVE) VALUES (3, 'Authorized', '2018-01-31 18:35:24', 0, '1');
INSERT INTO C_SCHEDULER_STATUS (ID_SCHEDULER_STATUS, DS_STATUS, DT_LAST_MODIFICATION, ID_LAST_USER_MODIFIER, FG_ACTIVE) VALUES (4, 'Sent', '2018-01-31 18:35:24', 0, '1');

-- Catálogo de Estatus de Sesión
INSERT INTO C_SESSION_STATUS (ID_SESSION_STATUS, DS_STATUS, DT_LAST_MODIFICATION, ID_LAST_USER_MODIFIER, FG_ACTIVE) VALUES (1, 'O', '2018-01-31 18:38:32', 0, '1');
INSERT INTO C_SESSION_STATUS (ID_SESSION_STATUS, DS_STATUS, DT_LAST_MODIFICATION, ID_LAST_USER_MODIFIER, FG_ACTIVE) VALUES (2, 'C', '2018-01-31 18:38:32', 0, '1');
INSERT INTO C_SESSION_STATUS (ID_SESSION_STATUS, DS_STATUS, DT_LAST_MODIFICATION, ID_LAST_USER_MODIFIER, FG_ACTIVE) VALUES (3, 'I', '2018-01-31 18:38:32', 0, '1');
INSERT INTO C_SESSION_STATUS (ID_SESSION_STATUS, DS_STATUS, DT_LAST_MODIFICATION, ID_LAST_USER_MODIFIER, FG_ACTIVE) VALUES (4, 'M', '2018-01-31 18:38:32', 0, '1');
INSERT INTO C_SESSION_STATUS (ID_SESSION_STATUS, DS_STATUS, DT_LAST_MODIFICATION, ID_LAST_USER_MODIFIER, FG_ACTIVE) VALUES (5, 'U', '2018-01-31 18:38:32', 0, '1');
INSERT INTO C_SESSION_STATUS (ID_SESSION_STATUS, DS_STATUS, DT_LAST_MODIFICATION, ID_LAST_USER_MODIFIER, FG_ACTIVE) VALUES (6, 'P', '2018-01-31 18:38:32', 0, '1');

-- Catálogo de Asignación de Asientos.
INSERT INTO C_ASSIGN_SEATS (ID_ASSIGN_SEATS, DS_DESCRIPTION, DT_LAST_MODIFICATION, ID_LAST_USER_MODIFIER, FG_ACTIVE) VALUES (0, 'No', '2018-01-31 18:24:45', 0, '1');
INSERT INTO C_ASSIGN_SEATS (ID_ASSIGN_SEATS, DS_DESCRIPTION, DT_LAST_MODIFICATION, ID_LAST_USER_MODIFIER, FG_ACTIVE) VALUES (1, 'Auto', '2018-01-31 18:24:45', 0, '1');
INSERT INTO C_ASSIGN_SEATS (ID_ASSIGN_SEATS, DS_DESCRIPTION, DT_LAST_MODIFICATION, ID_LAST_USER_MODIFIER, FG_ACTIVE) VALUES (2, 'Manual', '2018-01-31 18:24:45', 0, '1');


-- Catálogo de Perfiles de Usuarios
INSERT INTO C_PROFILE (ID_PROFILE, DS_NAME, DS_PERMISSIONS, DT_LAST_MODIFICATION, ID_LAST_USER_MODIFIER, FG_ACTIVE) VALUES (1, 'Administrator', '{"parameters":{"all":true},"scheduler":{"viewZone":true,"viewTheater":true,"viewDay":true,"editProperties":true,"viewNotifyManager":true},"reports":{"all":true},"users":{"all":true}}', '2017-11-23 00:00:00', 1, '1');
INSERT INTO C_PROFILE (ID_PROFILE, DS_NAME, DS_PERMISSIONS, DT_LAST_MODIFICATION, ID_LAST_USER_MODIFIER, FG_ACTIVE) VALUES (2, 'Manager', '{"scheduler":{"viewDay":true,"editProperties":true,"viewSendVista":true}}', '2017-11-23 00:00:00', 1, '1');
INSERT INTO C_PROFILE (ID_PROFILE, DS_NAME, DS_PERMISSIONS, DT_LAST_MODIFICATION, ID_LAST_USER_MODIFIER, FG_ACTIVE) VALUES (3, 'Analyst', '{"parameters":{"all":true},"scheduler":{"viewZone":true,"viewTheater":true,"viewDay":true,"viewNotifyManager":true},"reports":{"all":true}}', '2017-11-23 00:00:00', 1, '1');

-- Catálogo de Datos de Conexión
INSERT INTO C_CONNECTION_DATA (ID_VISTA, ID_THEATER, DS_DB_NAME, DS_IP_ADDRESS, DS_PORT, DS_USER, DS_INSTANCE, DS_PASSWORD, DT_LAST_MODIFICATION, ID_LAST_USER_MODIFIER, FG_ACTIVE) VALUES ('236', 36, 'VISTA', '10.69.1.1', '1433', 'usr', null, 'psw', '2018-01-31 18:25:38.460', 0, 1);
INSERT INTO C_CONNECTION_DATA (ID_VISTA, ID_THEATER, DS_DB_NAME, DS_IP_ADDRESS, DS_PORT, DS_USER, DS_INSTANCE, DS_PASSWORD, DT_LAST_MODIFICATION, ID_LAST_USER_MODIFIER, FG_ACTIVE) VALUES ('000', null, 'VISTA', '10.2.70.92', '1433', 'usr', null, 'psw', '2018-03-15 19:17:34.557', 0, 1);
INSERT INTO C_CONNECTION_DATA (ID_VISTA, ID_THEATER, DS_DB_NAME, DS_IP_ADDRESS, DS_PORT, DS_USER, DS_INSTANCE, DS_PASSWORD, DT_LAST_MODIFICATION, ID_LAST_USER_MODIFIER, FG_ACTIVE) VALUES ('002', null, 'VISTAIT', '10.2.70.92', '1433', 'usr', null, 'psw', '2018-03-15 19:17:34.557', 0, 1);

-- Catálogo de Parámetros Generales
INSERT INTO C_PARAMETERS (ID_PARAMETER, DS_NAME, CH_DESCRIPTION, CH_TYPE, DT_CREATION, DT_LAST_MODIFICATION, ID_LAST_USER_MODIFIER, FG_ACTIVE) VALUES (1, 'ANALITICA_URL', 'http://127.0.0.1:5000', 'string', '2017-11-15 19:14:06', '2017-11-15 19:14:06', 0, '1');
INSERT INTO C_PARAMETERS (ID_PARAMETER, DS_NAME, CH_DESCRIPTION, CH_TYPE, DT_CREATION, DT_LAST_MODIFICATION, ID_LAST_USER_MODIFIER, FG_ACTIVE) VALUES (8, 'LDAP_URL', 'ldap://192.168.0.78:389/', 'string', '2017-11-17 17:00:00', '2017-11-17 17:00:00', 0, '1');
INSERT INTO C_PARAMETERS (ID_PARAMETER, DS_NAME, CH_DESCRIPTION, CH_TYPE, DT_CREATION, DT_LAST_MODIFICATION, ID_LAST_USER_MODIFIER, FG_ACTIVE) VALUES (9, 'LDAP_AUTH_METHOD', 'simple', 'string', '2017-11-17 17:00:00', '2017-11-17 17:00:00', 0, '1');
INSERT INTO C_PARAMETERS (ID_PARAMETER, DS_NAME, CH_DESCRIPTION, CH_TYPE, DT_CREATION, DT_LAST_MODIFICATION, ID_LAST_USER_MODIFIER, FG_ACTIVE) VALUES (10, 'LDAP_VERSION', '3', 'string', '2017-11-17 17:00:00', '2017-11-17 17:00:00', 0, '1');
INSERT INTO C_PARAMETERS (ID_PARAMETER, DS_NAME, CH_DESCRIPTION, CH_TYPE, DT_CREATION, DT_LAST_MODIFICATION, ID_LAST_USER_MODIFIER, FG_ACTIVE) VALUES (32, 'LDAP_AT', '@active2.directory.intellego.com.mx', 'string', '2017-11-17 18:00:00', '2017-11-17 18:00:00', 0, '1');
INSERT INTO C_PARAMETERS (ID_PARAMETER, DS_NAME, CH_DESCRIPTION, CH_TYPE, DT_CREATION, DT_LAST_MODIFICATION, ID_LAST_USER_MODIFIER, FG_ACTIVE) VALUES (33, 'LDAP_TRUST_STORE', '10', 'string', '2017-11-17 18:00:00', '2017-11-17 18:00:00', 0, '1');
INSERT INTO C_PARAMETERS (ID_PARAMETER, DS_NAME, CH_DESCRIPTION, CH_TYPE, DT_CREATION, DT_LAST_MODIFICATION, ID_LAST_USER_MODIFIER, FG_ACTIVE) VALUES (34, 'ACTIVE_USE_SSL', 'false', 'string', '2017-11-17 18:00:00', '2017-11-17 18:00:00', 0, '1');
INSERT INTO C_PARAMETERS (ID_PARAMETER, DS_NAME, CH_DESCRIPTION, CH_TYPE, DT_CREATION, DT_LAST_MODIFICATION, ID_LAST_USER_MODIFIER, FG_ACTIVE) VALUES (35, 'EMAIL_HOST', 'mail.server281.com', 'string', '2018-01-30 18:00:00', '2018-01-30 18:00:00', 0, '1');
INSERT INTO C_PARAMETERS (ID_PARAMETER, DS_NAME, CH_DESCRIPTION, CH_TYPE, DT_CREATION, DT_LAST_MODIFICATION, ID_LAST_USER_MODIFIER, FG_ACTIVE) VALUES (36, 'EMAIL_PORT', '587', 'string', '2018-01-30 18:00:00', '2018-01-30 18:00:00', 0, '1');
INSERT INTO C_PARAMETERS (ID_PARAMETER, DS_NAME, CH_DESCRIPTION, CH_TYPE, DT_CREATION, DT_LAST_MODIFICATION, ID_LAST_USER_MODIFIER, FG_ACTIVE) VALUES (37, 'EMAIL_USER', 'jenkins@intellego.mx', 'string', '2018-01-30 18:00:00', '2018-01-30 18:00:00', 0, '1');
INSERT INTO C_PARAMETERS (ID_PARAMETER, DS_NAME, CH_DESCRIPTION, CH_TYPE, DT_CREATION, DT_LAST_MODIFICATION, ID_LAST_USER_MODIFIER, FG_ACTIVE) VALUES (38, 'EMAIL_PASSWORD', '-J3nk1ns', 'string', '2018-01-30 18:00:00', '2018-01-30 18:00:00', 0, '1');
INSERT INTO C_PARAMETERS (ID_PARAMETER, DS_NAME, CH_DESCRIPTION, CH_TYPE, DT_CREATION, DT_LAST_MODIFICATION, ID_LAST_USER_MODIFIER, FG_ACTIVE) VALUES (39, 'EMAIL_FROM', 'jenkins@intellego.mx', 'string', '2018-01-30 18:00:00', '2018-01-30 18:00:00', 0, '1');
INSERT INTO C_PARAMETERS (ID_PARAMETER, DS_NAME, CH_DESCRIPTION, CH_TYPE, DT_CREATION, DT_LAST_MODIFICATION, ID_LAST_USER_MODIFIER, FG_ACTIVE) VALUES (41, 'EMAIL_HEADER', 'Programación Semana $weekNumber Zona $regionName [Generic]', 'string', '2018-02-01 18:00:00', '2018-02-01 18:00:00', 0, '1');
INSERT INTO C_PARAMETERS (ID_PARAMETER, DS_NAME, CH_DESCRIPTION, CH_TYPE, DT_CREATION, DT_LAST_MODIFICATION, ID_LAST_USER_MODIFIER, FG_ACTIVE) VALUES (44, 'EMAIL_TEMPLATE', '<html> <head><title>Mensaje de programaci&oacute;n </title></head> <body> [Generic]</body> </html>', 'string', '2018-02-01 18:00:00', '2018-02-01 18:00:00', 0, '1');
INSERT INTO C_PARAMETERS (ID_PARAMETER, DS_NAME, CH_DESCRIPTION, CH_TYPE, DT_CREATION, DT_LAST_MODIFICATION, ID_LAST_USER_MODIFIER, FG_ACTIVE) VALUES(45,	'ID_VISTA_IT',	'002',	'string',	'2018-04-12 00:00:00',	'2018-04-12 00:00:00',	0,	1);
INSERT INTO C_PARAMETERS (ID_PARAMETER, DS_NAME, CH_DESCRIPTION, CH_TYPE, DT_CREATION, DT_LAST_MODIFICATION, ID_LAST_USER_MODIFIER, FG_ACTIVE) VALUES (58, 'ID_VISTA', '000', 'string', '2018-04-12 00:00:00.000', '2018-04-12 00:00:00.000', 0, 1);