INSERT INTO K_USER (ID_USER, DS_NAME, DS_USERNAME, DS_EMAIL, DT_LAST_MODIFICATION, ID_LAST_USER_MODIFIER, FG_ACTIVE) VALUES (1, 'uricohName', 'uricoh', 'jorge.lopez@axity.com', '2017-11-22 00:00:00', 1, '1');
INSERT INTO K_USER (ID_USER, DS_NAME, DS_USERNAME, DS_EMAIL, DT_LAST_MODIFICATION, ID_LAST_USER_MODIFIER, FG_ACTIVE) VALUES (2, 'Alex', 'User03', 'jorge.lopez@axity.com', '2017-11-22 00:00:00', 1, '1');
INSERT INTO K_USER (ID_USER, DS_NAME, DS_USERNAME, DS_EMAIL, DT_LAST_MODIFICATION, ID_LAST_USER_MODIFIER, FG_ACTIVE) VALUES (3, 'Xavier Hernandez', 'User01', 'xavier.hernandez@axity.com', '2017-11-22 00:00:00', 2, '0');
INSERT INTO K_USER (ID_USER, DS_NAME, DS_USERNAME, DS_EMAIL, DT_LAST_MODIFICATION, ID_LAST_USER_MODIFIER, FG_ACTIVE) VALUES (4, 'Edmundo López', 'User02', 'jorge.lopez@axity.com', '2018-01-22 11:19:20', 1, '1');
INSERT INTO K_USER (ID_USER, DS_NAME, DS_USERNAME, DS_EMAIL, DT_LAST_MODIFICATION, ID_LAST_USER_MODIFIER, FG_ACTIVE) VALUES (23, 'Roberto', 'roberto', 'jorge.lopez@axity.com', '2018-01-18 17:29:50', 1, '1');
INSERT INTO K_USER (ID_USER, DS_NAME, DS_USERNAME, DS_EMAIL, DT_LAST_MODIFICATION, ID_LAST_USER_MODIFIER, FG_ACTIVE) VALUES (24, 'Paty', 'paty', 'jorge.lopez@axity.com', '2018-01-18 17:32:37', 1, '1');
INSERT INTO K_USER (ID_USER, DS_NAME, DS_USERNAME, DS_EMAIL, DT_LAST_MODIFICATION, ID_LAST_USER_MODIFIER, FG_ACTIVE) VALUES (25, 'Erika', 'erika', 'jorge.lopez@axity.com', '2018-01-24 10:56:28', 1, '1');
INSERT INTO K_USER (ID_USER, DS_NAME, DS_USERNAME, DS_EMAIL, DT_LAST_MODIFICATION, ID_LAST_USER_MODIFIER, FG_ACTIVE) VALUES (26, 'AnteaQueretaro', 'AnteaQueretaro', 'jorge.lopez@axity.com', '2018-01-31 11:15:00', 1, '1');
INSERT INTO K_USER (ID_USER, DS_NAME, DS_USERNAME, DS_EMAIL, DT_LAST_MODIFICATION, ID_LAST_USER_MODIFIER, FG_ACTIVE) VALUES (27, 'CentroComercialAltacia', 'CentroComercialAltacia', 'jorge.lopez@axity.com', '2018-01-31 11:15:00', 1, '1');
INSERT INTO K_USER (ID_USER, DS_NAME, DS_USERNAME, DS_EMAIL, DT_LAST_MODIFICATION, ID_LAST_USER_MODIFIER, FG_ACTIVE) VALUES (28, 'CentroComercialPlazaSahuayo', 'CentroComercialPlazaSahuayo', 'jorge.lopez@axity.com', '2018-01-31 11:15:00', 1, '1');
INSERT INTO K_USER (ID_USER, DS_NAME, DS_USERNAME, DS_EMAIL, DT_LAST_MODIFICATION, ID_LAST_USER_MODIFIER, FG_ACTIVE) VALUES (29, 'CentroMax', 'CentroMax', 'jorge.lopez@axity.com', '2018-01-31 11:15:00', 1, '1');
INSERT INTO K_USER (ID_USER, DS_NAME, DS_USERNAME, DS_EMAIL, DT_LAST_MODIFICATION, ID_LAST_USER_MODIFIER, FG_ACTIVE) VALUES (30, 'EsferaQueretaro', 'EsferaQueretaro', 'jorge.lopez@axity.com', '2018-01-31 11:15:00', 1, '1');
INSERT INTO K_USER (ID_USER, DS_NAME, DS_USERNAME, DS_EMAIL, DT_LAST_MODIFICATION, ID_LAST_USER_MODIFIER, FG_ACTIVE) VALUES (31, 'GaleriasCelaya', 'GaleriasCelaya', 'jorge.lopez@axity.com', '2018-01-31 11:15:00', 1, '1');

INSERT INTO K_USER_X_PROFILE (ID_USER, ID_PROFILE) VALUES (1, 1);
INSERT INTO K_USER_X_PROFILE (ID_USER, ID_PROFILE) VALUES (2, 1);
INSERT INTO K_USER_X_PROFILE (ID_USER, ID_PROFILE) VALUES (3, 3);
INSERT INTO K_USER_X_PROFILE (ID_USER, ID_PROFILE) VALUES (4, 2);


INSERT INTO K_USER_X_REGION (ID_USER, ID_REGION) VALUES (1, 2);
INSERT INTO K_USER_X_REGION (ID_USER, ID_REGION) VALUES (1, 3);
INSERT INTO K_USER_X_REGION (ID_USER, ID_REGION) VALUES (1, 4);
INSERT INTO K_USER_X_REGION (ID_USER, ID_REGION) VALUES (1, 5);
INSERT INTO K_USER_X_REGION (ID_USER, ID_REGION) VALUES (1, 6);
INSERT INTO K_USER_X_REGION (ID_USER, ID_REGION) VALUES (1, 7);
INSERT INTO K_USER_X_REGION (ID_USER, ID_REGION) VALUES (4, 2);


INSERT INTO K_USER_X_THEATER (ID_USER, ID_THEATER) VALUES (1, 1);
INSERT INTO K_USER_X_THEATER (ID_USER, ID_THEATER) VALUES (1, 2);
INSERT INTO K_USER_X_THEATER (ID_USER, ID_THEATER) VALUES (1, 3);
INSERT INTO K_USER_X_THEATER (ID_USER, ID_THEATER) VALUES (1, 4);
INSERT INTO K_USER_X_THEATER (ID_USER, ID_THEATER) VALUES (1, 5);
INSERT INTO K_USER_X_THEATER (ID_USER, ID_THEATER) VALUES (1, 6);
INSERT INTO K_USER_X_THEATER (ID_USER, ID_THEATER) VALUES (1, 7);
INSERT INTO K_USER_X_THEATER (ID_USER, ID_THEATER) VALUES (4, 36);

INSERT INTO K_FUNCTION (ID_FUNCTION, ID_VISTA, DS_THEATER_NAME, NU_SCREEN_NUMBER, DS_SCREEN_FORMAT, ID_MOVIE, DS_EVENT_NAME, NU_DURATION, DT_DATE_TIME, NU_FUNCION, ID_SCHEDULER_STATUS, DT_CREATION, DT_LAST_MODIFICATION, ID_LAST_USER_MODIFIER, FG_ACTIVE) VALUES (3536756, '237', 'Cinepolis Salagua', 7, 'Tradicional', '22437', 'Coco ESP', 105, '2017-11-20 14:00:00', 1, 2, '2018-02-02 13:19:04', '2018-02-02 13:19:04', 1, '1');
INSERT INTO K_FUNCTION (ID_FUNCTION, ID_VISTA, DS_THEATER_NAME, NU_SCREEN_NUMBER, DS_SCREEN_FORMAT, ID_MOVIE, DS_EVENT_NAME, NU_DURATION, DT_DATE_TIME, NU_FUNCION, ID_SCHEDULER_STATUS, DT_CREATION, DT_LAST_MODIFICATION, ID_LAST_USER_MODIFIER, FG_ACTIVE, NU_ERROR_CODE_VISTA, ID_SESSION_VISTA) VALUES (3536757, '154', 'Cinepolis La Huerta', 6, 'Tradicional', '22437', 'Coco ESP', 105, '2017-11-22 14:40:00', 2, 1, '2018-02-02 13:19:03', '2018-02-02 13:19:03', 1, '1', 0, 1);

INSERT INTO K_FUNCTION (ID_FUNCTION, ID_VISTA, DS_THEATER_NAME, NU_SCREEN_NUMBER, DS_SCREEN_FORMAT, ID_MOVIE, DS_EVENT_NAME, NU_DURATION, DT_DATE_TIME, NU_FUNCION, ID_SCHEDULER_STATUS, DT_CREATION, DT_LAST_MODIFICATION, ID_LAST_USER_MODIFIER, FG_ACTIVE) VALUES (3536758, '168', 'Cinepolis Centro Max', 8, 'Tradicional', '24223', 'Liga de la Justicia SP ESP', 121, '2017-11-20 15:15:00', 2, 1, '2018-02-02 13:19:04', '2018-02-02 13:19:04', 1, '1');
INSERT INTO K_FUNCTION (ID_FUNCTION, ID_VISTA, DS_THEATER_NAME, NU_SCREEN_NUMBER, DS_SCREEN_FORMAT, ID_MOVIE, DS_EVENT_NAME, NU_DURATION, DT_DATE_TIME, NU_FUNCION, ID_SCHEDULER_STATUS, DT_CREATION, DT_LAST_MODIFICATION, ID_LAST_USER_MODIFIER, FG_ACTIVE) VALUES (3536759, '221', 'Cinepolis Plaza Periferico', 8, 'Tradicional', '25381', 'Asesinato En El Expreso De Ori', 114, '2017-11-21 22:30:00', 3, 1, '2018-02-02 13:19:04', '2018-02-02 13:19:04', 1, '1');
INSERT INTO K_FUNCTION (ID_FUNCTION, ID_VISTA, DS_THEATER_NAME, NU_SCREEN_NUMBER, DS_SCREEN_FORMAT, ID_MOVIE, DS_EVENT_NAME, NU_DURATION, DT_DATE_TIME, NU_FUNCION, ID_SCHEDULER_STATUS, DT_CREATION, DT_LAST_MODIFICATION, ID_LAST_USER_MODIFIER, FG_ACTIVE) VALUES (3536760, '164', 'Cinepolis Centro Magno', 12, 'Tradicional', '24220', 'Liga de la Justicia SUB', 121, '2017-11-22 21:45:00', 5, 2, '2018-02-02 13:19:03', '2018-02-02 13:19:03', 1, '1');
INSERT INTO K_FUNCTION (ID_FUNCTION, ID_VISTA, DS_THEATER_NAME, NU_SCREEN_NUMBER, DS_SCREEN_FORMAT, ID_MOVIE, DS_EVENT_NAME, NU_DURATION, DT_DATE_TIME, NU_FUNCION, ID_SCHEDULER_STATUS, DT_CREATION, DT_LAST_MODIFICATION, ID_LAST_USER_MODIFIER, FG_ACTIVE) VALUES (3536762, '156', 'Cinepolis Villahermosa', 14, 'Tradicional', '24221', 'Liga de la Justicia ESP', 121, '2017-11-18 19:35:00', 4, 3, '2018-02-02 13:19:03', '2018-02-02 13:19:03', 1, '1');
INSERT INTO K_FUNCTION (ID_FUNCTION, ID_VISTA, DS_THEATER_NAME, NU_SCREEN_NUMBER, DS_SCREEN_FORMAT, ID_MOVIE, DS_EVENT_NAME, NU_DURATION, DT_DATE_TIME, NU_FUNCION, ID_SCHEDULER_STATUS, DT_CREATION, DT_LAST_MODIFICATION, ID_LAST_USER_MODIFIER, FG_ACTIVE) VALUES (3536763, '225', 'Cinepolis Nezahualcoyotl', 10, 'Tradicional', '24506', 'Thor: Ragnarok ESP', 130, '2017-11-20 16:50:00', 3, 1, '2018-02-02 13:19:04', '2018-02-02 13:19:04', 1, '1');
INSERT INTO K_FUNCTION (ID_FUNCTION, ID_VISTA, DS_THEATER_NAME, NU_SCREEN_NUMBER, DS_SCREEN_FORMAT, ID_MOVIE, DS_EVENT_NAME, NU_DURATION, DT_DATE_TIME, NU_FUNCION, ID_SCHEDULER_STATUS, DT_CREATION, DT_LAST_MODIFICATION, ID_LAST_USER_MODIFIER, FG_ACTIVE) VALUES (3536764, '160', 'Cinepolis San Luis El Dorado', 10, 'Tradicional', '25387', 'Liga de la Justicia 3D SUB', 121, '2017-11-20 18:45:00', 1, 1, '2018-02-02 13:19:03', '2018-02-02 13:19:03', 1, '1');
INSERT INTO K_FUNCTION (ID_FUNCTION, ID_VISTA, DS_THEATER_NAME, NU_SCREEN_NUMBER, DS_SCREEN_FORMAT, ID_MOVIE, DS_EVENT_NAME, NU_DURATION, DT_DATE_TIME, NU_FUNCION, ID_SCHEDULER_STATUS, DT_CREATION, DT_LAST_MODIFICATION, ID_LAST_USER_MODIFIER, FG_ACTIVE) VALUES (3536765, '216', 'Cinepolis Poliforum', 2, 'Tradicional', '25387', 'Liga de la Justicia 3D SUB', 121, '2017-11-18 13:50:00', 1, 1, '2018-02-02 13:19:04', '2018-02-02 13:19:04', 1, '1');
INSERT INTO K_FUNCTION (ID_FUNCTION, ID_VISTA, DS_THEATER_NAME, NU_SCREEN_NUMBER, DS_SCREEN_FORMAT, ID_MOVIE, DS_EVENT_NAME, NU_DURATION, DT_DATE_TIME, NU_FUNCION, ID_SCHEDULER_STATUS, DT_CREATION, DT_LAST_MODIFICATION, ID_LAST_USER_MODIFIER, FG_ACTIVE) VALUES (3536766, '40', 'Cinepolis Plaza Crystal Xalapa', 4, 'Tradicional', '25561', 'Terror A 47 Metros ESP', 89, '2017-11-18 19:05:00', 1, 1, '2018-02-02 13:19:03', '2018-02-02 13:19:03', 1, '1');
INSERT INTO K_FUNCTION (ID_FUNCTION, ID_VISTA, DS_THEATER_NAME, NU_SCREEN_NUMBER, DS_SCREEN_FORMAT, ID_MOVIE, DS_EVENT_NAME, NU_DURATION, DT_DATE_TIME, NU_FUNCION, ID_SCHEDULER_STATUS, DT_CREATION, DT_LAST_MODIFICATION, ID_LAST_USER_MODIFIER, FG_ACTIVE) VALUES (3536768, '221', 'Cinepolis Plaza Periferico', 7, 'Tradicional', '24222', 'Liga de la Justicia SP SUB', 121, '2017-11-21 13:25:00', 1, 1, '2018-02-02 13:19:04', '2018-02-02 13:19:04', 1, '1');
INSERT INTO K_FUNCTION (ID_FUNCTION, ID_VISTA, DS_THEATER_NAME, NU_SCREEN_NUMBER, DS_SCREEN_FORMAT, ID_MOVIE, DS_EVENT_NAME, NU_DURATION, DT_DATE_TIME, NU_FUNCION, ID_SCHEDULER_STATUS, DT_CREATION, DT_LAST_MODIFICATION, ID_LAST_USER_MODIFIER, FG_ACTIVE) VALUES (3536769, '138', 'Cinepolis Plaza Crystal Puebla', 5, 'Tradicional', '22437', 'Coco ESP', 105, '2017-11-19 17:10:00', 3, 1, '2018-02-02 13:19:03', '2018-02-02 13:19:03', 1, '1');
INSERT INTO K_FUNCTION (ID_FUNCTION, ID_VISTA, DS_THEATER_NAME, NU_SCREEN_NUMBER, DS_SCREEN_FORMAT, ID_MOVIE, DS_EVENT_NAME, NU_DURATION, DT_DATE_TIME, NU_FUNCION, ID_SCHEDULER_STATUS, DT_CREATION, DT_LAST_MODIFICATION, ID_LAST_USER_MODIFIER, FG_ACTIVE) VALUES (3536770, '147', 'Cinepolis Arboledas', 4, 'Tradicional', '25561', 'Terror A 47 Metros ESP', 89, '2017-11-23 16:40:00', 2, 1, '2018-02-02 13:19:03', '2018-02-02 13:19:03', 1, '1');
INSERT INTO K_FUNCTION (ID_FUNCTION, ID_VISTA, DS_THEATER_NAME, NU_SCREEN_NUMBER, DS_SCREEN_FORMAT, ID_MOVIE, DS_EVENT_NAME, NU_DURATION, DT_DATE_TIME, NU_FUNCION, ID_SCHEDULER_STATUS, DT_CREATION, DT_LAST_MODIFICATION, ID_LAST_USER_MODIFIER, FG_ACTIVE) VALUES (3536771, '147', 'Cinepolis Arboledas', 4, 'Tradicional', '25561', 'Terror A 47 Metros ESP', 89, '2017-11-23 17:55:00', 2, 1, '2018-02-02 13:19:03', '2018-02-02 13:19:03', 1, '1');
INSERT INTO K_FUNCTION (ID_FUNCTION, ID_VISTA, DS_THEATER_NAME, NU_SCREEN_NUMBER, DS_SCREEN_FORMAT, ID_MOVIE, DS_EVENT_NAME, NU_DURATION, DT_DATE_TIME, NU_FUNCION, ID_SCHEDULER_STATUS, DT_CREATION, DT_LAST_MODIFICATION, ID_LAST_USER_MODIFIER, FG_ACTIVE) VALUES (3536772, '147', 'Cinepolis Arboledas', 5, 'Tradicional', '25561', 'Terror A 47 Metros ESP', 89, '2017-11-23 17:30:00', 2, 1, '2018-02-02 13:19:03', '2018-02-02 13:19:03', 1, '1');


INSERT INTO K_PROPERTIES_DEFAULT (ID_PROPERTY_DEFAULT, CVE_FUNCION, ID_SESSION_STATUS, DS_FULL, ID_ASSIGN_SEATS, DS_SESSION_ATTRIBUTES, DS_PUBLIC_EXHIBITION, DS_FUNCTION_TYPE, QT_INTERVAL_DURATION, QT_CLEAN_DURATION, QT_TRAILER_DURATION, DT_END_FUNCTION, DT_INTERVAL_START, DS_SALES_CHANNEL, DT_POLICIES_DATE, DS_ADVANCED_INCOMES, DS_ALLOW_OVERSALES, ID_PRICE_GROUP, DS_RULES_BUY_TICKETS, QT_SALES_VALUE, DT_LAST_MODIFICATION, ID_LAST_USER_MODIFIER, FG_ACTIVE) VALUES (2, 1, 6, 'N', 2, '', 'Y', 'N', 0, 10, 0, null, null, '', null, '0', ' ', null, 'Y', null, '2016-11-08 20:35:00.000', 1, 1);

INSERT INTO K_COMMENT (DS_DESCRIPTION, DT_DATE_TIME, ID_THEATER, DT_LAST_MODIFICATION, ID_LAST_USER_MODIFIER, FG_ACTIVE) VALUES ('Mensaje de prueba 1', '2018-03-16 00:00:00', 1, '2018-03-18 11:37:40', 1, '1');

/* Insert for getReporteMotorAnalyticsByZoneTheaterTest */
INSERT INTO K_FUNCTION (ID_FUNCTION, ID_VISTA, DS_THEATER_NAME, NU_SCREEN_NUMBER, DS_SCREEN_FORMAT, ID_MOVIE, DS_EVENT_NAME, NU_DURATION, DT_DATE_TIME, NU_FUNCION, ID_SCHEDULER_STATUS, DT_CREATION, DT_LAST_MODIFICATION, ID_LAST_USER_MODIFIER, FG_ACTIVE, NU_ERROR_CODE_VISTA, ID_SESSION_VISTA) VALUES (3536782, '154', 'Cinepolis La Huerta', 6, 'Tradicional', '22437', 'Coco ESP', 105, '2017-11-22 14:40:00', 2, 1, '2018-02-02 13:19:03', '2018-02-02 13:19:03', 1, '1', 1, 0);
INSERT INTO K_FUNCTION_BE (ID_FUNCTION, ID_VISTA, DS_THEATER_NAME, NU_SCREEN_NUMBER, DS_SCREEN_FORMAT, ID_MOVIE, DS_EVENT_NAME, NU_DURATION, DT_DATE_TIME, NU_FUNCION, ID_SCHEDULER_STATUS, DT_CREATION, DT_LAST_MODIFICATION, ID_LAST_USER_MODIFIER, FG_ACTIVE) VALUES (3536757, '154', 'Cinepolis La Huerta', 6, 'Tradicional', '22437', 'Coco ESP', 105, '2017-11-22 14:40:00', 2, 2, '2018-02-02 13:19:03', '2018-02-02 13:19:03', 1, '1');
INSERT INTO K_FUNCTION_BE (ID_FUNCTION, ID_VISTA, DS_THEATER_NAME, NU_SCREEN_NUMBER, DS_SCREEN_FORMAT, ID_MOVIE, DS_EVENT_NAME, NU_DURATION, DT_DATE_TIME, NU_FUNCION, ID_SCHEDULER_STATUS, DT_CREATION, DT_LAST_MODIFICATION, ID_LAST_USER_MODIFIER, FG_ACTIVE) VALUES (3536783, '297', 'Cinepolis Forum Buenavista', 4, 'Tradicional', '24914', 'Coco 3D ESP', 105, '2017-11-23 12:00:00', 1, 2, '2018-02-02 13:19:03', '2018-02-02 13:19:03', 1, '1');

/* Insert for getReporteActGerenteTest */
INSERT INTO K_FUNCTION (ID_FUNCTION, ID_VISTA, DS_THEATER_NAME, NU_SCREEN_NUMBER, DS_SCREEN_FORMAT, ID_MOVIE, DS_EVENT_NAME, NU_DURATION, DT_DATE_TIME, NU_FUNCION, ID_SCHEDULER_STATUS, DT_CREATION, DT_LAST_MODIFICATION, ID_LAST_USER_MODIFIER, FG_ACTIVE) values (3536774, '560', 'Cinepolis Antea Queretaro', 5, 'Tradicional', '24914', 'Coco 3D ESP', 105, '2017-11-22 12:00:00', 1, 3, '2018-02-02 13:19:03', '2018-02-02 13:19:03', 1, '1');
INSERT INTO K_FUNCTION (ID_FUNCTION, ID_VISTA, DS_THEATER_NAME, NU_SCREEN_NUMBER, DS_SCREEN_FORMAT, ID_MOVIE, DS_EVENT_NAME, NU_DURATION, DT_DATE_TIME, NU_FUNCION, ID_SCHEDULER_STATUS, DT_CREATION, DT_LAST_MODIFICATION, ID_LAST_USER_MODIFIER, FG_ACTIVE) values (3536775, '560', 'Cinepolis Antea Queretaro', 5, 'Tradicional', '24914', 'Coco 3D ESP', 105, '2017-11-22 14:05:00', 2, 3, '2018-02-02 13:19:03', '2018-02-02 13:19:03', 1, '1');
INSERT INTO K_FUNCTION (ID_FUNCTION, ID_VISTA, DS_THEATER_NAME, NU_SCREEN_NUMBER, DS_SCREEN_FORMAT, ID_MOVIE, DS_EVENT_NAME, NU_DURATION, DT_DATE_TIME, NU_FUNCION, ID_SCHEDULER_STATUS, DT_CREATION, DT_LAST_MODIFICATION, ID_LAST_USER_MODIFIER, FG_ACTIVE) values (3536776, '560', 'Cinepolis Antea Queretaro', 5, 'Tradicional', '24914', 'Coco 3D ESP', 105, '2017-11-22 16:10:00', 3, 3, '2018-02-02 13:19:03', '2018-02-02 13:19:03', 1, '1');
INSERT INTO K_FUNCTION (ID_FUNCTION, ID_VISTA, DS_THEATER_NAME, NU_SCREEN_NUMBER, DS_SCREEN_FORMAT, ID_MOVIE, DS_EVENT_NAME, NU_DURATION, DT_DATE_TIME, NU_FUNCION, ID_SCHEDULER_STATUS, DT_CREATION, DT_LAST_MODIFICATION, ID_LAST_USER_MODIFIER, FG_ACTIVE) values (3536777, '560', 'Cinepolis Antea Queretaro', 5, 'Tradicional', '24914', 'Coco 3D ESP', 105, '2017-11-22 18:15:00', 4, 3, '2018-02-02 13:19:03', '2018-02-02 13:19:03', 1, '1');

/* Insert for getReportsTestSentStatus */
INSERT INTO K_FUNCTION (ID_FUNCTION, ID_VISTA, DS_THEATER_NAME, NU_SCREEN_NUMBER, DS_SCREEN_FORMAT, ID_MOVIE, DS_EVENT_NAME, NU_DURATION, DT_DATE_TIME, NU_FUNCION, ID_SCHEDULER_STATUS, DT_CREATION, DT_LAST_MODIFICATION, ID_LAST_USER_MODIFIER, FG_ACTIVE) VALUES (3536785, '403', 'Cinepolis Coacalco', 7, 'Tradicional', '24222', 'Liga de la Justicia SP SUB', 121, '2017-11-23 13:25:00', 1, 4, '2018-02-02 13:19:04', '2018-02-02 13:19:04', 1, '1');

/* Insert for addScreenIndicatorToReportTest */
INSERT INTO K_FUNCTION_BE (ID_FUNCTION, ID_VISTA, DS_THEATER_NAME, NU_SCREEN_NUMBER, DS_SCREEN_FORMAT, ID_MOVIE, DS_EVENT_NAME, NU_DURATION, DT_DATE_TIME, NU_FUNCION, ID_SCHEDULER_STATUS, DT_CREATION, DT_LAST_MODIFICATION, ID_LAST_USER_MODIFIER, FG_ACTIVE) values (3536774, '560', 'Cinepolis Antea Queretaro', 5, 'Tradicional', '24914', 'Coco 3D ESP', 105, '2017-11-22 12:00:00', 1, 2, '2018-02-02 13:19:03', '2018-02-02 13:19:03', 1, '1');
INSERT INTO K_FUNCTION_BE (ID_FUNCTION, ID_VISTA, DS_THEATER_NAME, NU_SCREEN_NUMBER, DS_SCREEN_FORMAT, ID_MOVIE, DS_EVENT_NAME, NU_DURATION, DT_DATE_TIME, NU_FUNCION, ID_SCHEDULER_STATUS, DT_CREATION, DT_LAST_MODIFICATION, ID_LAST_USER_MODIFIER, FG_ACTIVE) values (3536775, '560', 'Cinepolis Antea Queretaro', 5, 'Tradicional', '24914', 'Coco 3D ESP', 105, '2017-11-22 14:05:00', 2, 2, '2018-02-02 13:19:03', '2018-02-02 13:19:03', 1, '1');
INSERT INTO K_FUNCTION_BE (ID_FUNCTION, ID_VISTA, DS_THEATER_NAME, NU_SCREEN_NUMBER, DS_SCREEN_FORMAT, ID_MOVIE, DS_EVENT_NAME, NU_DURATION, DT_DATE_TIME, NU_FUNCION, ID_SCHEDULER_STATUS, DT_CREATION, DT_LAST_MODIFICATION, ID_LAST_USER_MODIFIER, FG_ACTIVE) values (3536776, '560', 'Cinepolis Antea Queretaro', 5, 'Tradicional', '24914', 'Coco 3D ESP', 105, '2017-11-22 16:10:00', 3, 2, '2018-02-02 13:19:03', '2018-02-02 13:19:03', 1, '1');
INSERT INTO K_FUNCTION_BE (ID_FUNCTION, ID_VISTA, DS_THEATER_NAME, NU_SCREEN_NUMBER, DS_SCREEN_FORMAT, ID_MOVIE, DS_EVENT_NAME, NU_DURATION, DT_DATE_TIME, NU_FUNCION, ID_SCHEDULER_STATUS, DT_CREATION, DT_LAST_MODIFICATION, ID_LAST_USER_MODIFIER, FG_ACTIVE) values (3536777, '560', 'Cinepolis Antea Queretaro', 5, 'Tradicional', '24914', 'Coco 3D ESP', 105, '2017-11-22 18:15:00', 4, 2, '2018-02-02 13:19:03', '2018-02-02 13:19:03', 1, '1');